0;0;0;
26.977;13.937;23.207;
26.753;13.574;24.613;
27.687;12.394;24.999;
28.587;11.933;24.223;
25.267;13.169;24.817;
24.457;14.08;25.597;
27.486;11.909;26.213;
27.837;10.548;26.487;
26.768;9.917;27.318;
26.149;10.621;28.109;
29.094;10.473;27.405;
30.515;10.82;26.936;
31.459;10.962;28.127;
31.003;9.749;25.983;
26.427;8.65;27.079;
25.048;8.142;27.254;
25.286;6.671;27.629;
25.698;5.884;26.779;
24.023;8.339;26.126;
23.368;9.737;26.082;
22.43;10.095;27.244;
22.337;9.397;28.248;
21.729;11.226;27.099;
25.072;6.297;28.901;
24.641;7.15;30.015;
25.755;8.189;30.395;
26.933;7.942;30.093;
24.412;6.168;31.146;
24.326;4.765;30.464;
25.236;4.877;29.304;
25.372;9.341;30.994;
26.365;10.316;31.454;
27.174;9.766;32.648;
26.606;9.202;33.6;
25.526;11.535;31.854;
24.206;10.978;32.292;
23.993;9.777;31.302;
28.51;9.88;32.586;
29.371;9.361;33.669;
29.116;10.044;34.998;
28.657;11.188;35.029;
30.793;9.704;33.198;
30.671;10.055;31.771;
29.276;10.502;31.493;
29.403;9.356;36.1;
29.272;9.938;37.434;
30.181;11.175;37.587;
29.769;12.186;38.161;
29.589;8.911;38.535;
28.701;7.645;38.498;
27.282;7.903;38.989;
27.033;8.892;39.662;
26.343;7.041;38.609;
31.389;11.087;37.035;
32.376;12.161;37.176;
33.093;12.296;35.857;
33.587;11.319;35.313;
33.384;11.82;38.285;
34.375;12.939;38.629;
35.42;12.516;39.658;
35.083;11.955;40.725;
36.698;12.767;39.341;
33.135;13.512;35.338;
33.82;13.788;34.093;
34.566;15.12;34.189;
33.979;16.116;34.603;
32.812;13.813;32.948;
33.135;14.368;31.567;
34.287;13.643;30.924;
31.889;14.231;30.703;
35.85;15.101;33.812;
36.684;16.306;33.645;
37.259;16.341;32.237;
38.006;15.434;31.842;
37.87;16.358;34.647;
37.366;16.509;36.079;
38.812;17.533;34.326;
38.458;16.326;37.13;
36.908;17.391;31.491;
37.353;17.564;30.106;
38.326;18.752;29.982;
38.007;19.867;30.405;
36.148;17.803;29.131;
36.624;17.938;27.671;
35.102;16.708;29.255;
39.502;18.505;29.404;
40.421;19.592;29.03;
40.224;19.951;27.554;
39.667;19.161;26.776;
41.889;19.218;29.286;
42.131;18.258;30.447;
41.845;18.85;31.819;
41.706;20.068;31.979;
41.763;17.978;32.827;
40.689;21.133;27.159;
40.401;21.623;25.811;
41.481;21.292;24.788;
41.733;22.054;23.847;
40.014;23.097;25.84;
38.649;23.308;26.468;
37.636;22.863;25.93;
38.619;23.955;27.633;
42.098;20.133;24.995;
43.061;19.554;24.081;
42.444;18.331;23.425;
41.634;17.626;24.035;
44.327;19.152;24.843;
45.662;19.577;24.491;
46.815;19.223;25.415;
48.011;18.705;24.633;
49.145;18.343;25.527;
42.813;18.092;22.172;
42.404;16.885;21.469;
43.638;16.039;21.148;
44.757;16.557;21.099;
41.553;17.207;20.201;
42.365;17.825;19.192;
40.406;18.142;20.553;
43.451;14.738;20.963;
44.574;13.867;20.64;
44.222;12.946;19.475;
43.066;12.561;19.314;
45.098;13.06;21.887;
44.474;11.668;21.976;
44.892;13.842;23.203;
45.349;10.662;22.697;
45.213;12.608;18.656;
45.012;11.623;17.598;
45.177;10.193;18.106;
45.875;9.956;19.098;
45.967;11.881;16.434;
45.419;12.89;15.455;
44.964;12.456;14.372;
45.418;14.104;15.772;
51.061;3.134;19.012;
50.698;2.739;20.385;
51.272;1.398;20.902;
51.451;0.443;20.132;
49.171;2.72;20.554;
48.453;1.548;19.883;
47.846;1.697;18.636;
48.359;0.299;20.511;
47.176;0.632;18.023;
47.686;-0.77;19.908;
47.1;-0.595;18.666;
46.427;-1.644;18.07;
51.525;1.337;22.216;
51.824;0.079;22.932;
50.588;-0.382;23.716;
49.944;0.419;24.392;
52.994;0.259;23.916;
54.356;0.544;23.275;
55.498;0.59;24.285;
55.307;0.936;25.455;
56.702;0.243;23.827;
50.267;-1.669;23.633;
49.142;-2.227;24.384;
49.6;-3.023;25.613;
50.141;-4.129;25.509;
48.231;-3.052;23.464;
46.801;-3.45;23.857;
46.801;-4.877;24.295;
46.148;-2.555;24.907;
49.37;-2.429;26.774;
49.718;-3.016;28.054;
48.463;-3.6;28.755;
47.589;-2.861;29.193;
50.432;-1.932;28.879;
50.597;-2.287;30.34;
50.877;-3.438;30.702;
50.449;-1.275;31.202;
48.37;-4.925;28.815;
47.309;-5.598;29.569;
46.349;-6.46;28.767;
45.388;-7.021;29.321;
46.629;-6.595;27.472;
45.762;-7.328;26.538;
45.544;-8.796;26.838;
44.53;-9.379;26.429;
46.481;-9.405;27.558;
46.353;-10.815;27.895;
45.824;-11.049;29.314;
45.671;-12.2;29.741;
47.684;-11.549;27.666;
48.191;-11.491;26.209;
49.309;-11.938;25.635;
50.024;-11.492;24.714;
49.518;-13.039;26.186;
45.553;-9.983;30.06;
44.976;-10.16;31.409;
43.631;-9.456;31.603;
42.89;-9.764;32.543;
45.969;-9.84;32.566;
47.261;-9.022;32.232;
47.847;-8.222;33.446;
48.052;-6.987;33.287;
48.088;-8.819;34.541;
43.327;-8.517;30.721;
42.08;-7.743;30.79;
40.89;-8.54;30.217;
41.082;-9.526;29.467;
42.237;-6.438;30.066;
39.67;-8.138;30.591;
38.448;-8.747;30.033;
38.555;-8.891;28.504;
38.715;-7.893;27.798;
37.243;-7.866;30.39;
35.903;-8.485;30.002;
35.826;-9.564;29.382;
34.826;-7.808;30.399;
38.507;-10.138;27.984;
38.63;-10.331;26.509;
37.506;-9.651;25.718;
37.72;-9.222;24.587;
38.556;-11.845;26.321;
38.738;-12.441;27.679;
38.397;-11.41;28.72;
36.316;-9.563;26.316;
35.219;-8.799;25.724;
35.58;-7.319;25.574;
35.215;-6.716;24.574;
33.926;-8.945;26.543;
33.532;-10.359;26.82;
32.925;-10.739;27.997;
33.655;-11.489;26.077;
32.693;-12.041;27.971;
33.142;-12.521;26.824;
36.31;-6.729;26.535;
36.753;-5.334;26.404;
37.915;-5.165;25.413;
37.94;-4.235;24.61;
37.148;-4.773;27.739;
38.881;-6.063;25.5;
40.05;-6.046;24.604;
39.648;-6.164;23.114;
40.209;-5.478;22.25;
41.051;-7.141;25.026;
42.215;-7.264;24.033;
41.587;-6.833;26.399;
38.674;-7.026;22.834;
38.092;-7.177;21.494;
37.515;-5.851;20.974;
37.802;-5.441;19.838;
37.008;-8.269;21.518;
36.524;-8.716;20.154;
35.299;-9.623;20.264;
34.782;-10.025;18.881;
33.841;-11.192;18.943;
36.715;-5.187;21.808;
36.164;-3.877;21.481;
37.29;-2.866;21.191;
37.255;-2.169;20.177;
35.202;-3.367;22.584;
34.78;-1.91;22.327;
33.988;-4.287;22.705;
38.295;-2.792;22.061;
39.426;-1.914;21.791;
40.09;-2.213;20.429;
40.313;-1.303;19.628;
40.448;-1.987;22.917;
41.742;-1.182;22.785;
41.496;0.296;22.907;
42.727;-1.678;23.839;
40.399;-3.476;20.175;
41.018;-3.881;18.908;
40.139;-3.595;17.688;
40.651;-3.268;16.617;
41.462;-5.34;18.959;
42.759;-5.503;19.731;
43.063;-6.941;20.051;
44.341;-7.048;20.882;
44.514;-8.418;21.467;
38.825;-3.706;17.866;
37.848;-3.364;16.826;
37.815;-1.853;16.561;
37.42;-1.417;15.482;
36.447;-3.89;17.199;
36.207;-5.346;16.811;
34.996;-5.993;17.487;
34.172;-5.302;18.147;
34.876;-7.232;17.346;
38.217;-1.058;17.549;
38.303;0.388;17.381;
39.681;0.762;16.855;
39.875;1.857;16.329;
38.054;1.117;18.713;
36.637;1.285;19.297;
36.684;1.444;20.81;
35.896;2.463;18.67;
40.637;-0.155;16.983;
42.047;0.199;16.822;
42.725;-0.31;15.535;
43.956;-0.472;15.502;
42.834;-0.237;18.068;
43.655;0.775;18.881;
42.922;2.097;19.141;
44.061;0.14;20.191;
41.945;-0.557;14.481;
42.533;-0.759;13.141;
43.357;0.479;12.732;
42.846;1.409;12.093;
41.451;-1.074;12.1;
41.229;-2.478;12.003;
44.632;0.48;13.126;
45.511;1.643;12.968;
46.822;1.454;13.718;
47.358;0.339;13.776;
55.647;3.977;20.46;
54.213;4.277;20.394;
53.621;4.482;21.78;
54.054;3.832;22.739;
52.638;5.379;21.889;
52.041;5.757;23.194;
51.352;4.597;23.935;
50.829;3.674;23.319;
51.047;6.904;23.013;
49.661;6.464;22.557;
48.404;7.571;23.208;
48.441;8.851;21.969;
51.342;4.651;25.261;
50.809;3.531;26.02;
49.262;3.508;25.995;
48.623;4.538;26.154;
51.33;3.565;27.461;
51.27;2.233;28.211;
52.047;1.182;27.469;
51.754;2.355;29.633;
48.689;2.331;25.748;
47.309;2.046;26.155;
47.311;0.956;27.223;
47.665;-0.194;26.961;
46.396;1.651;24.981;
46.425;2.742;23.904;
44.961;1.407;25.498;
45.799;2.341;22.59;
46.931;1.331;28.43;
46.866;0.38;29.535;
45.42;-0.073;29.773;
44.542;0.743;30.056;
47.426;1.016;30.806;
48.739;1.498;30.576;
45.189;-1.38;29.685;
43.861;-1.933;29.928;
43.936;-3.029;30.99;
44.88;-3.835;31.018;
43.185;-2.431;28.597;
41.71;-2.853;28.832;
43.999;-3.546;27.928;
40.951;-3.115;27.529;
42.946;-3.067;31.877;
42.935;-4.106;32.896;
41.877;-3.877;33.949;
41.29;-2.801;34.018;
41.661;-4.907;34.758;
40.838;-4.834;35.956;
41.729;-4.567;37.145;
42.884;-4.999;37.155;
40.139;-6.188;36.177;
39.07;-6.497;35.14;
39.624;-6.978;33.805;
40.387;-7.974;33.816;
39.296;-6.379;32.744;
41.182;-3.903;38.156;
41.833;-3.754;39.44;
42.441;-5.106;39.877;
41.754;-6.129;39.949;
40.814;-3.266;40.468;
41.439;-2.817;41.789;
40.4;-2.607;42.871;
40.974;-1.812;44.043;
41.174;-0.367;43.678;
43.74;-5.107;40.142;
44.437;-6.343;40.508;
45.402;-6.761;39.421;
46.446;-7.363;39.709;
45.061;-6.454;38.172;
45.95;-6.713;37.042;
47.224;-5.856;37.093;
47.187;-4.69;37.495;
45.235;-6.478;35.709;
44.11;-7.492;35.432;
43.917;-8.483;36.192;
43.415;-7.3;34.411;
48.341;-6.439;36.646;
49.643;-5.753;36.615;
49.625;-4.475;35.776;
50.215;-3.462;36.165;
50.739;-6.697;36.115;
51.128;-7.779;37.118;
52.03;-8.851;36.467;
52.209;-10.065;37.4;
52.877;-9.682;38.7;
48.912;-4.52;34.648;
48.779;-3.377;33.725;
48.282;-2.053;34.309;
48.614;-0.976;33.794;
47.832;-3.763;32.587;
46.599;-4.233;33.104;
47.462;-2.13;35.352;
46.777;-0.958;35.904;
47.051;-0.713;37.402;
46.314;0.049;38.053;
45.228;-0.983;35.623;
44.976;-0.99;34.13;
44.55;-2.174;36.311;
48.118;-1.332;37.93;
48.602;0.283;39.77;
48.144;0.668;40.857;
48.486;-1.19;39.346;
49.799;-1.934;39.645;
49.684;-3.463;39.82;
51.08;-4.117;39.914;
51.851;-4.011;38.666;
53.009;-4.633;38.447;
53.538;-5.408;39.39;
53.647;-4.481;37.289;
48.496;-1.183;39.341;
49.83;-1.888;39.608;
49.819;-3.387;39.362;
49.415;-4.158;40.588;
49.477;-5.599;40.348;
48.984;-6.523;41.167;
48.379;-6.165;42.301;
49.101;-7.808;40.847;
49.211;1.104;38.923;
49.457;2.522;39.239;
48.17;3.337;39.479;
48.193;4.392;40.136;
50.298;3.13;38.113;
50.751;4.589;38.276;
51.542;4.986;37.01;
51.443;6.491;36.641;
52.314;7.391;37.48;
47.05;2.836;38.949;
45.785;3.581;38.939;
44.72;3.016;39.876;
43.558;3.391;39.768;
45.214;3.64;37.519;
46.195;4.118;36.489;
46.569;5.467;36.42;
46.781;3.222;35.614;
47.506;5.913;35.47;
47.705;3.656;34.663;
48.051;4.995;34.601;
48.971;5.41;33.655;
45.093;2.117;40.782;
44.093;1.458;41.626;
43.369;2.387;42.606;
42.229;2.099;43.003;
44.659;0.207;42.314;
45.813;0.5;43.066;
43.99;3.512;42.966;
42.281;5.282;43.007;
41.394;5.906;43.578;
43.348;4.547;43.799;
44.353;5.619;44.254;
45.482;5.186;45.183;
46.153;6.416;45.819;
46.881;7.245;44.853;
47.597;8.325;45.162;
47.699;8.735;46.42;
48.217;9.003;44.207;
43.279;4.458;43.82;
44.248;5.357;44.593;
45.086;4.614;45.636;
46.007;5.559;46.409;
45.272;6.55;47.201;
44.816;6.349;48.436;
45.004;5.185;49.049;
44.159;7.317;49.061;
42.423;5.262;41.681;
41.558;6.029;40.77;
40.312;5.237;40.353;
39.305;5.821;39.935;
42.324;6.404;39.502;
43.81;6.744;39.71;
44.002;8.091;40.342;
43.027;8.798;40.633;
45.273;8.471;40.568;
40.401;3.914;40.442;
39.279;3.04;40.101;
38.203;3.07;41.207;
38.491;2.757;42.379;
39.774;1.621;39.848;
40.916;1.633;38.808;
38.586;0.707;39.491;
41.618;0.28;38.665;
36.961;3.47;40.843;
35.899;3.533;41.852;
35.674;2.164;42.479;
35.697;1.138;41.783;
34.662;3.982;41.048;
35.22;4.737;39.886;
36.482;3.92;39.521;
35.492;2.143;43.792;
35.265;0.899;44.493;
33.762;0.577;44.431;
33.065;0.535;45.451;
35.771;0.98;45.943;
35.678;-0.358;46.667;
36.012;-1.391;46.06;
35.252;-0.374;47.85;
33.275;0.375;43.21;
31.869;0.043;42.949;
31.865;-1.07;41.913;
32.714;-1.096;40.984;
31.085;1.255;42.41;
30.947;2.397;43.381;
29.908;2.491;44.291;
31.689;3.522;43.548;
30.033;3.611;44.986;
31.11;4.25;44.561;
30.943;-2.017;42.074;
30.787;-3.055;41.064;
30.425;-2.377;39.733;
29.658;-1.425;39.711;
29.72;-4.068;41.465;
30.224;-5.073;42.49;
29.095;-5.978;42.959;
29.262;-6.264;44.472;
28.639;-7.555;44.84;
31.038;-2.851;38.655;
30.877;-2.301;37.314;
31.472;-0.898;37.15;
31.226;-0.239;36.149;
29.388;-2.412;36.858;
28.86;-3.874;37.003;
27.391;-4.041;36.62;
26.723;-3.046;36.415;
26.895;-5.191;36.527;
32.289;-0.449;38.112;
32.916;0.88;38.018;
34.162;0.849;37.138;
34.681;-0.222;36.843;
34.65;2.009;36.709;
35.888;2.073;35.917;
36.48;3.491;35.995;
35.787;4.459;36.34;
35.646;1.659;34.427;
34.724;2.63;33.674;
35.246;3.748;33.03;
33.331;2.426;33.627;
34.43;4.675;32.376;
32.488;3.344;32.949;
33.047;4.456;32.332;
32.226;5.373;31.72;
37.766;3.578;35.679;
38.481;4.834;35.484;
38.939;4.818;34.048;
39.402;3.797;33.564;
39.709;4.834;36.395;
40.651;5.988;36.213;
40.24;7.293;36.486;
41.962;5.775;35.783;
41.103;8.358;36.339;
42.834;6.841;35.615;
42.404;8.126;35.905;
43.275;9.185;35.758;
38.799;5.949;33.379;
39.229;6.108;32.003;
39.951;7.446;31.94;
39.489;8.435;32.487;
38.038;6.117;31.032;
38.197;6.425;29.534;
37.008;5.849;28.757;
38.293;7.945;29.271;
41.099;7.439;31.274;
41.943;8.623;31.171;
42.515;8.669;29.772;
42.988;7.653;29.269;
43.091;8.561;32.2;
43.984;9.665;32.042;
42.416;9.834;29.138;
43.075;10.091;27.859;
43.962;11.333;28.029;
43.522;12.379;28.512;
42.056;10.314;26.691;
42.767;10.75;25.421;
41.256;9.03;26.401;
45.236;11.187;27.668;
46.097;12.351;27.467;
47.138;12.079;26.382;
47.2;10.982;25.818;
46.729;12.842;28.786;
47.69;11.823;29.415;
48.196;10.906;28.75;
47.94;11.988;30.704;
47.951;13.088;26.104;
49.022;13.02;25.119;
49.93;11.796;25.281;
50.32;11.172;24.282;
49.839;14.304;25.244;
51.052;14.418;24.362;
51.785;15.722;24.618;
52.084;16.033;25.807;
52.049;16.435;23.623;
50.247;11.458;26.53;
51.193;10.375;26.849;
50.584;8.986;26.766;
51.212;8.069;26.237;
51.809;10.579;28.237;
52.664;9.439;28.732;
53.153;9.65;30.155;
54.15;8.575;30.561;
54.64;8.77;31.953;
49.357;8.824;27.279;
48.745;7.486;27.363;
47.229;7.493;27.551;
46.644;8.512;27.906;
49.341;6.715;28.54;
49.189;7.44;29.877;
49.604;6.576;31.058;
49.39;5.334;31.018;
50.132;7.146;32.034;
46.65;6.306;27.37;
45.229;6.049;27.553;
45.085;4.973;28.633;
45.762;3.954;28.565;
44.592;5.589;26.212;
44.545;6.768;25.226;
43.213;4.938;26.425;
44.275;6.363;23.787;
44.254;5.237;29.644;
43.974;4.258;30.708;
42.511;3.83;30.638;
41.627;4.684;30.571;
44.255;4.821;32.123;
44.239;3.685;33.153;
45.619;5.551;32.172;
42.291;2.509;30.666;
40.987;1.873;30.66;
41.016;0.788;31.71;
41.464;-0.344;31.452;
40.69;1.272;29.281;
40.751;2.254;28.097;
40.917;1.534;26.767;
39.557;3.181;28.084;
40.532;1.138;32.898;
40.703;0.312;34.073;
39.393;0.09;34.834;
38.84;1.023;35.388;
41.788;0.938;35.004;
38.908;-1.145;34.837;
37.659;-1.47;35.518;
37.874;-1.876;36.958;
38.934;-2.385;37.319;
36.871;-1.664;37.803;
36.909;-2.298;39.093;
36.808;-3.817;38.946;
37.288;-4.575;39.808;
35.789;-1.789;39.985;
36.034;-2.106;41.445;
37.159;-2.006;41.934;
35;-2.511;42.135;
36.131;-4.264;37.889;
35.925;-5.702;37.631;
35.818;-5.867;36.123;
35.878;-4.866;35.392;
34.675;-6.261;38.384;
33.423;-5.397;38.199;
33.256;-4.808;37.109;
32.581;-5.335;39.136;
35.664;-7.103;35.635;
35.654;-7.346;34.182;
34.57;-6.53;33.429;
34.827;-5.942;32.373;
35.55;-8.851;33.881;
36.828;-9.637;34.21;
36.867;-11.019;33.583;
35.953;-11.819;33.855;
37.833;-11.323;32.829;
33.362;-6.495;33.982;
32.274;-5.742;33.338;
32.621;-4.259;33.343;
32.35;-3.548;32.373;
30.922;-6.025;34.034;
29.698;-5.452;33.321;
28.4;-5.96;33.974;
28.025;-7.311;33.546;
27.187;-8.097;34.223;
26.655;-7.68;35.36;
26.902;-9.312;33.784;
33.254;-3.781;34.413;
33.66;-2.384;34.411;
34.669;-2.005;33.336;
34.622;-0.891;32.796;
35.576;-2.914;32.995;
36.544;-2.629;31.905;
35.819;-2.523;30.554;
36.129;-1.658;29.713;
37.607;-3.71;31.807;
38.124;-3.987;33.11;
38.751;-3.293;30.835;
34.852;-3.422;30.357;
34.008;-3.412;29.163;
33.266;-2.075;29.081;
33.252;-1.443;28.029;
33.045;-4.605;29.21;
32.134;-4.702;28.01;
32.609;-5.205;26.786;
30.803;-4.253;28.085;
31.769;-5.296;25.653;
29.947;-4.355;26.964;
30.449;-4.873;25.758;
29.627;-4.97;24.658;
32.696;-1.62;30.203;
32.025;-0.305;30.252;
32.949;0.888;29.958;
32.503;1.906;29.404;
31.276;-0.126;31.573;
30.085;-1.086;31.706;
29.519;-1.69;30.571;
29.573;-1.416;32.96;
28.407;-2.569;30.666;
28.468;-2.311;33.088;
27.892;-2.872;31.919;
26.836;-3.751;32.012;
34.214;0.779;30.369;
35.22;1.821;30.052;
35.3;1.933;28.55;
35.297;3.025;28.01;
36.606;1.474;30.633;
35.325;0.787;27.884;
35.447;0.748;26.418;
34.21;1.32;25.73;
34.322;1.988;24.694;
35.741;-0.662;25.922;
37.237;-0.948;25.659;
37.819;0.021;24.623;
38.082;-0.953;26.94;
33.031;1.073;26.318;
31.802;1.627;25.761;
31.76;3.134;25.835;
31.281;3.768;24.902;
30.555;0.988;26.386;
30.459;-0.523;26.091;
30.449;-0.887;24.603;
30.112;-0.078;23.731;
30.781;-2.129;24.316;
32.307;3.725;26.9;
32.475;5.189;26.953;
33.604;5.628;25.977;
33.47;6.625;25.241;
32.746;5.661;28.411;
31.609;5.367;29.226;
33.02;7.19;28.482;
34.693;4.863;25.948;
35.802;5.159;25.018;
35.292;5.288;23.575;
35.488;6.325;22.942;
36.884;4.089;25.1;
38.135;4.445;24.352;
38.87;5.559;24.729;
38.563;3.673;23.277;
40.045;5.908;24.048;
39.752;4.02;22.571;
40.463;5.143;22.973;
34.615;4.251;23.083;
33.963;4.257;21.761;
33.145;5.53;21.406;
33.124;5.954;20.235;
33.117;2.995;21.591;
32.491;6.14;22.397;
31.735;7.382;22.198;
32.602;8.635;22.14;
32.224;9.633;21.523;
30.713;7.587;23.314;
29.533;6.627;23.323;
28.689;6.845;24.551;
27.906;7.778;24.615;
28.855;5.995;25.539;
33.736;8.604;22.833;
34.676;9.729;22.833;
35.402;9.886;21.49;
35.739;10.998;21.08;
35.716;9.554;23.935;
35.24;9.659;25.372;
36.35;9.261;26.298;
34.776;11.075;25.661;
35.637;8.762;20.828;
36.476;8.709;19.645;
35.7;9.18;18.42;
34.91;8.417;17.859;
37.005;7.277;19.471;
37.947;6.901;18.328;
39.342;7.461;18.557;
38;5.393;18.181;
35.909;10.446;18.041;
35.248;11.067;16.877;
36.246;11.499;15.785;
37.015;12.453;15.97;
34.399;12.261;17.313;
36.216;10.788;14.655;
37.089;11.045;13.493;
38.569;10.809;13.841;
39.412;11.727;13.722;
36.848;12.458;12.904;
37.143;12.539;11.394;
36.859;11.558;10.654;
37.653;13.593;10.943;
38.872;9.579;14.275;
40.23;9.191;14.711;
40.876;10.058;15.795;
42.068;9.883;16.108;
40.094;10.986;16.355;
40.533;11.902;17.409;
39.757;11.706;18.739;
38.609;11.246;18.744;
40.408;13.36;16.942;
41.181;13.694;15.657;
41.456;15.197;15.54;
42.401;15.515;14.351;
42.895;16.94;14.312;
40.396;12.075;19.851;
39.841;11.929;21.201;
39.982;13.224;21.981;
40.925;13.971;21.758;
40.598;10.838;21.948;
40.307;9.387;21.574;
41.508;8.484;21.879;
39.069;8.91;22.328;
39.066;13.496;22.922;
39.387;14.626;23.776;
40.282;14.166;24.918;
40.333;12.971;25.227;
38.019;15.072;24.322;
37.112;13.91;24.143;
37.79;12.858;23.296;
41.001;15.093;25.532;
41.739;14.766;26.736;
40.743;14.809;27.88;
40.143;15.845;28.126;
42.865;15.761;26.981;
43.499;15.617;28.353;
44.793;16.412;28.491;
45.603;16.384;27.532;
44.989;17.046;29.559;
40.587;13.679;28.578;
39.505;13.503;29.557;
39.949;12.65;30.728;
40.837;11.81;30.59;
38.242;12.783;28.948;
37.522;13.66;27.954;
38.605;11.448;28.287;
39.303;12.875;31.866;
39.362;11.94;32.967;
37.938;11.622;33.452;
37.147;12.51;33.688;
40.197;12.499;34.108;
40.748;11.404;34.975;
41.406;11.91;36.253;
40.738;12.596;37.07;
42.594;11.585;36.442;
37.643;10.34;33.61;
36.305;9.89;33.976;
36.403;8.842;35.065;
37.232;7.922;34.991;
35.566;9.266;32.729;
35.277;10.334;31.687;
34.262;8.578;33.151;
35;9.805;30.287;
35.553;8.974;36.074;
35.38;7.931;37.064;
33.887;7.668;37.067;
33.116;8.597;37.258;
35.822;8.433;38.443;
37.333;8.758;38.501;
37.709;9.334;39.842;
39.21;9.54;39.911;
39.614;9.811;41.317;
33.493;6.411;36.882;
32.073;6.098;36.593;
31.681;4.745;37.179;
32.527;3.858;37.395;
31.896;6.08;35.07;
30.461;6.233;34.612;
29.556;6.623;35.427;
30.278;5.965;33.392;
30.386;4.596;37.422;
29.819;3.387;37.974;
28.308;3.599;37.918;
27.834;4.755;37.827;
30.274;3.163;39.431;
30.061;4.374;40.306;
28.847;4.566;40.996;
31.061;5.336;40.46;
28.643;5.676;41.788;
30.839;6.464;41.243;
29.638;6.613;41.903;
29.424;7.717;42.696;
27.54;2.498;37.962;
26.078;2.679;37.938;
25.479;2.967;39.296;
25.952;2.444;40.284;
25.568;1.312;37.469;
26.624;0.302;37.968;
27.945;1.075;38.013;
24.413;3.762;39.336;
23.694;4.001;40.574;
22.728;2.858;40.916;
22.442;2.66;42.095;
22.913;5.316;40.521;
23.789;6.44;40.373;
22.228;2.132;39.897;
21.295;1.025;40.119;
21.974;-0.279;39.722;
22.564;-0.366;38.649;
19.931;1.184;39.339;
19.072;-0.065;39.471;
19.146;2.386;39.844;
21.914;-1.281;40.594;
22.736;-2.496;40.387;
22.355;-3.314;39.13;
23.226;-3.746;38.368;
22.686;-3.382;41.647;
23.275;-4.795;41.409;
24.808;-4.751;41.447;
25.424;-6.069;41.248;
25.872;-6.525;40.078;
25.761;-5.781;38.98;
26.425;-7.726;40;
21.054;-3.537;38.924;
20.611;-4.24;37.718;
19.781;-3.358;36.815;
18.811;-2.726;37.269;
19.825;-5.501;38.074;
20.614;-6.449;38.936;
21.736;-7.116;38.418;
20.267;-6.649;40.283;
22.489;-7.988;39.22;
20.992;-7.532;41.078;
22.091;-8.204;40.535;
22.818;-9.084;41.329;
20.128;-3.368;35.527;
19.569;-2.388;34.582;
19.32;-3.059;33.251;
20.245;-3.637;32.688;
20.535;-1.208;34.39;
20.999;-0.508;35.683;
22.224;0.454;35.421;
23.287;-0.211;34.673;
24.136;-1.129;35.18;
24.118;-1.49;36.453;
25.042;-1.68;34.409;
18.081;-2.982;32.726;
17.83;-3.637;31.449;
16.39;-3.734;31.019;
15.59;-2.811;31.236;
16.094;-4.856;30.37;
14.852;-5.041;29.653;
14.246;-6.37;30.098;
14.968;-7.356;30.239;
15.126;-5.099;28.121;
13.874;-5.559;27.35;
15.656;-3.738;27.606;
12.938;-6.411;30.32;
12.292;-7.71;30.486;
11.417;-7.869;29.252;
10.492;-7.058;29.012;
11.485;-7.834;31.789;
10.484;-6.671;31.934;
10.741;-9.197;31.823;
11.732;-8.862;28.427;
10.839;-9.152;27.281;
9.675;-9.94;27.85;
9.662;-11.179;27.829;
11.532;-9.938;26.173;
10.541;-10.259;24.995;
11.137;-11.105;23.886;
12.388;-11.229;23.807;
10.341;-11.661;23.099;
8.712;-9.224;28.413;
7.724;-9.843;29.295;
6.287;-9.553;28.875;
5.358;-9.722;29.673;
6.108;-9.106;27.633;
4.777;-8.693;27.117;
3.92;-9.871;26.558;
4.442;-10.99;26.333;
4.928;-7.595;26.044;
5.877;-7.951;24.942;
5.479;-8.791;23.894;
7.18;-7.474;24.946;
6.37;-9.15;22.869;
8.085;-7.824;23.918;
7.684;-8.658;22.888;
2.626;-9.607;26.36;
1.721;-10.451;25.534;
1.803;-10.036;24.062;
1.895;-8.842;23.733;
0.276;-10.276;25.972;
-0.012;-10.794;27.355;
-0.294;-12.141;27.554;
-0.018;-9.936;28.438;
-0.57;-12.654;28.835;
-0.318;-10.413;29.754;
-0.586;-11.761;29.923;
-0.854;-12.243;31.173;
1.766;-11.031;23.172;
1.823;-10.772;21.732;
2.958;-11.554;21.075;
3.63;-12.369;21.716;
3.214;-11.274;19.813;
4.273;-11.94;19.098;
5.628;-11.632;19.74;
6.054;-10.473;19.788;
4.255;-11.526;17.593;
2.958;-11.831;17.04;
5.318;-12.292;16.831;
6.306;-12.668;20.265;
7.589;-12.421;20.891;
8.58;-11.93;19.852;
8.388;-12.161;18.648;
7.972;-13.78;21.474;
6.637;-14.556;21.597;
5.89;-14.086;20.376;
9.593;-11.193;20.288;
10.585;-10.667;19.363;
11.206;-11.799;18.532;
11.365;-12.897;19.049;
11.698;-10.008;20.173;
11.304;-8.659;20.763;
10.228;-7.888;20.432;
12.049;-7.922;21.731;
10.241;-6.727;21.154;
11.35;-6.716;21.961;
13.229;-8.185;22.447;
11.794;-5.743;22.882;
13.686;-7.225;23.373;
12.965;-6;23.563;
11.613;-11.514;17.296;
12.323;-12.515;16.456;
13.737;-12.771;16.971;
14.287;-11.956;17.702;
12.423;-12.033;15.004;
13.352;-10.943;14.923;
14.328;-13.909;16.59;
15.712;-14.183;16.958;
16.676;-13.061;16.553;
17.565;-12.648;17.344;
16.187;-15.507;16.33;
17.552;-15.907;16.766;
17.838;-16.253;18.066;
18.72;-15.998;16.082;
19.122;-16.543;18.167;
19.681;-16.396;16.98;
16.529;-12.557;15.328;
17.418;-11.488;14.872;
17.176;-10.198;15.646;
18.112;-9.494;15.952;
17.289;-11.216;13.373;
17.882;-12.321;12.466;
19.408;-12.534;12.609;
20.183;-11.574;12.734;
19.831;-13.807;12.593;
15.924;-9.885;15.948;
15.66;-8.718;16.811;
16.372;-8.831;18.142;
16.961;-7.851;18.581;
14.193;-8.504;17.031;
16.306;-10.009;18.784;
16.967;-10.2;20.088;
18.507;-10.101;19.988;
19.173;-9.572;20.89;
16.566;-11.521;20.733;
15.084;-11.597;21.169;
14.74;-13.032;21.476;
13.358;-13.157;21.94;
12.58;-14.18;21.687;
13.049;-15.214;20.922;
11.324;-14.143;22.167;
19.082;-10.617;18.911;
20.531;-10.478;18.716;
20.955;-8.999;18.677;
21.919;-8.586;19.337;
20.952;-11.188;17.43;
20.916;-12.726;17.461;
21.172;-13.282;16.022;
21.916;-13.251;18.455;
20.206;-8.2;17.925;
20.427;-6.769;17.853;
20.218;-6.087;19.211;
20.968;-5.181;19.573;
19.509;-6.143;16.815;
19.777;-4.74;16.711;
19.19;-6.512;19.943;
18.941;-5.977;21.279;
20.117;-6.139;22.207;
20.479;-5.187;22.888;
17.704;-6.609;21.926;
16.391;-6.151;21.229;
15.914;-4.72;21.639;
15.924;-4.354;22.807;
15.468;-3.944;20.662;
20.687;-7.345;22.245;
21.784;-7.659;23.183;
22.98;-6.767;22.977;
23.631;-6.313;23.948;
22.156;-9.145;23.109;
21.012;-10.052;23.637;
21.244;-11.574;23.34;
20.743;-9.834;25.104;
23.287;-6.498;21.71;
24.434;-5.661;21.382;
24.168;-4.231;21.833;
25.078;-3.555;22.318;
24.696;-5.716;19.879;
25.068;-7.138;19.482;
24.894;-7.437;18.001;
25.097;-8.932;17.775;
25.585;-9.188;16.379;
22.911;-3.788;21.682;
22.487;-2.441;22.062;
22.566;-2.322;23.566;
22.907;-1.25;24.097;
21.042;-2.225;21.544;
20.504;-0.799;21.653;
20.955;0.188;20.805;
19.449;-0.502;22.516;
20.424;1.501;20.846;
18.906;0.81;22.58;
19.418;1.82;21.724;
22.22;-3.404;24.276;
22.255;-3.346;25.741;
23.7;-3.141;26.17;
23.997;-2.261;26.953;
21.632;-4.576;26.421;
20.188;-4.875;26.051;
19.367;-3.922;25.427;
19.657;-6.134;26.293;
18.063;-4.229;25.071;
18.369;-6.448;25.916;
17.569;-5.502;25.326;
16.286;-5.865;24.951;
24.611;-3.905;25.585;
26.036;-3.757;25.876;
26.548;-2.346;25.699;
27.246;-1.816;26.568;
26.161;-1.72;24.592;
26.629;-0.367;24.28;
26.131;0.649;25.288;
26.774;1.672;25.509;
26.164;0.051;22.882;
26.927;-0.609;21.718;
26.425;-0.005;20.424;
27.064;-0.627;19.203;
28.486;-0.191;19.129;
24.951;0.397;25.858;
24.33;1.342;26.785;
24.423;0.91;28.248;
23.746;1.459;29.153;
22.89;1.561;26.334;
22.852;2.318;25.021;
23.107;3.505;25.01;
22.675;1.607;23.908;
25.3;-0.07;28.482;
25.627;-0.509;29.842;
24.419;-1.069;30.587;
24.339;-0.973;31.825;
26.296;0.607;30.663;
27.492;1.271;29.958;
28.314;2.124;30.942;
29.503;2.782;30.227;
29.073;3.976;29.436;
23.489;-1.665;29.84;
22.458;-2.438;30.49;
23.012;-3.846;30.71;
23.579;-4.446;29.791;
21.2;-2.49;29.638;
20.229;-1.365;29.967;
18.95;-1.374;28.686;
17.677;-0.447;29.623;
22.894;-4.353;31.926;
23.514;-5.655;32.267;
22.516;-6.812;32.399;
22.905;-7.926;32.819;
24.333;-5.526;33.568;
23.473;-5.168;34.765;
22.233;-5.149;34.685;
24.128;-4.891;35.899;
21.236;-6.546;32.081;
20.148;-7.494;32.357;
19.189;-7.637;31.201;
18.628;-6.638;30.7;
19.33;-7.103;33.612;
20.199;-7.186;34.74;
18.175;-8.088;33.831;
18.979;-8.886;30.785;
17.925;-9.186;29.818;
17.16;-10.324;30.409;
17.698;-11.434;30.517;
18.488;-9.597;28.438;
17.423;-10.178;27.485;
16.355;-9.368;26.99;
17.515;-11.518;27.042;
15.407;-9.903;26.082;
16.572;-12.051;26.156;
15.514;-11.246;25.717;
14.614;-11.776;24.854;
15.899;-10.065;30.751;
15.039;-11.103;31.288;
14.107;-11.606;30.178;
13.29;-10.878;29.644;
14.226;-10.641;32.534;
15.13;-9.947;33.578;
13.461;-11.845;33.125;
14.397;-9.558;34.905;
14.261;-12.874;29.841;
13.488;-13.506;28.779;
12.209;-14.064;29.431;
12.292;-14.985;30.28;
14.32;-14.654;28.168;
13.579;-15.45;27.108;
13.699;-15.122;25.748;
12.703;-16.479;27.472;
12.967;-15.843;24.772;
11.97;-17.194;26.524;
12.088;-16.849;25.17;
11.389;-17.536;24.205;
11.04;-13.523;29.049;
9.758;-14.061;29.564;
8.539;-13.696;28.723;
7.596;-13.081;29.251;
8.565;-13.975;27.39;
7.412;-13.558;26.591;
6.226;-14.377;27.01;
6.316;-15.637;27.009;
7.808;-13.906;25.143;
9.274;-14.341;25.204;
9.555;-14.721;26.591;
5.134;-13.702;27.381;
3.938;-14.401;27.903;
3.391;-15.516;26.971;
2.873;-16.521;27.444;
2.786;-13.424;28.167;
2.888;-12.642;29.485;
2.729;-13.582;30.683;
2.707;-12.769;31.993;
3.919;-11.962;32.221;
3.512;-15.315;25.672;
3.001;-16.281;24.695;
3.978;-17.383;24.235;
3.647;-18.137;23.311;
2.386;-15.522;23.496;
1.134;-14.739;23.923;
0.397;-15.238;24.814;
0.903;-13.642;23.398;
5.152;-17.475;24.866;
6.09;-18.575;24.619;
5.633;-19.77;25.446;
5.679;-19.719;26.664;
7.528;-18.156;24.973;
8.512;-19.335;24.983;
8.117;-20.465;24.599;
9.677;-19.107;25.387;
5.142;-20.839;24.781;
4.57;-21.959;25.509;
5.588;-22.715;26.372;
5.191;-23.453;27.259;
4.022;-22.86;24.38;
4.966;-22.58;23.21;
5.085;-21.056;23.319;
6.885;-22.575;26.087;
7.94;-23.189;26.943;
8.347;-22.319;28.145;
9.129;-22.756;29.015;
9.164;-23.563;26.094;
8.807;-24.599;25.051;
8.712;-25.944;25.388;
8.46;-24.218;23.751;
8.326;-26.906;24.434;
8.071;-25.17;22.789;
8.001;-26.501;23.159;
7.611;-27.434;22.223;
7.823;-21.083;28.185;
8.018;-20.194;29.33;
6.811;-20.3;30.281;
6.966;-20.358;31.509;
8.222;-18.743;28.828;
7.946;-17.692;29.867;
8.8;-17.452;30.928;
6.919;-16.811;29.999;
8.296;-16.476;31.68;
7.17;-16.056;31.128;
5.612;-20.368;29.716;
4.391;-20.3;30.529;
3.484;-21.515;30.273;
3.962;-22.644;30.079;
3.65;-18.975;30.229;
2.484;-18.839;31.068;
2.174;-21.294;30.261;
1.194;-22.334;29.854;
1.329;-22.692;28.407;
1.51;-21.8;27.56;
-0.255;-21.843;30.125;
1.229;-23.993;28.085;
1.123;-25.147;28.988;
2.398;-25.975;29.155;
2.37;-26.936;29.913;
0.082;-26.005;28.272;
0.409;-25.802;26.812;
1.055;-24.405;26.678;
3.486;-25.623;28.465;
4.691;-26.464;28.365;
5.938;-25.936;29.118;
7.062;-26.234;28.723;
5.075;-26.647;26.879;
4.089;-27.538;26.085;
3.24;-28.226;26.652;
4.223;-27.522;24.78;
5.755;-25.167;30.198;
6.905;-24.793;31.031;
7.688;-25.986;31.572;
8.884;-25.877;31.799;
6.508;-23.86;32.175;
5.529;-24.412;33.179;
4.198;-24.271;33.17;
5.851;-25.161;34.367;
3.642;-24.89;34.275;
4.641;-25.431;35.029;
7.051;-25.63;34.922;
4.584;-26.146;36.24;
7.006;-26.331;36.123;
5.771;-26.582;36.771;
7.042;-27.136;31.712;
7.744;-28.364;32.211;
8.647;-29.054;31.151;
9.471;-29.894;31.507;
6.734;-29.411;32.718;
5.869;-29.007;33.937;
4.639;-29.992;34.092;
3.755;-29.603;35.2;
2.77;-28.711;35.08;
2.569;-28.097;33.905;
2.003;-28.409;36.14;
8.481;-28.707;29.878;
9.205;-29.357;28.756;
10.415;-28.555;28.316;
10.318;-27.333;28.212;
8.295;-29.405;27.537;
7.34;-30.553;27.284;
6.641;-30.98;28.539;
6.377;-30.145;26.176;
11.535;-29.23;27.984;
12.643;-28.497;27.374;
12.246;-27.927;26.017;
11.38;-28.486;25.353;
13.722;-29.569;27.119;
13.192;-30.841;27.567;
11.789;-30.678;28.104;
12.912;-26.862;25.607;
12.792;-26.297;24.26;
13.144;-27.345;23.211;
14.076;-28.097;23.422;
13.71;-25.069;24.121;
13.139;-23.867;24.846;
12.293;-22.961;24.169;
13.419;-23.64;26.195;
11.759;-21.852;24.795;
12.862;-22.547;26.86;
12.036;-21.647;26.144;
11.491;-20.582;26.785;
12.413;-27.39;22.08;
12.849;-28.216;20.953;
14.253;-27.775;20.504;
14.696;-26.687;20.861;
11.842;-27.871;19.859;
10.676;-27.353;20.529;
11.184;-26.647;21.767;
14.934;-28.596;19.708;
16.308;-28.321;19.272;
16.562;-26.974;18.613;
17.567;-26.347;18.917;
16.797;-29.39;18.304;
16.989;-30.737;18.959;
17.029;-30.822;20.234;
17.112;-31.714;18.163;
15.696;-26.56;17.689;
15.925;-25.322;16.946;
15.895;-24.128;17.907;
16.826;-23.34;17.927;
14.905;-25.122;15.823;
14.929;-23.699;15.178;
13.496;-23.298;14.722;
13.404;-21.94;14.006;
13.806;-22.017;12.547;
14.831;-24.022;18.689;
14.707;-22.996;19.708;
15.841;-23.037;20.734;
16.311;-21.98;21.155;
13.393;-23.147;20.466;
12.102;-22.746;19.76;
11.668;-23.69;18.636;
12.226;-24.795;18.469;
10.746;-23.313;17.893;
16.238;-24.231;21.175;
17.365;-24.382;22.109;
18.678;-23.852;21.547;
19.438;-23.2;22.266;
17.545;-25.85;22.557;
18.965;-24.137;20.284;
20.237;-23.675;19.709;
20.187;-22.162;19.518;
21.225;-21.479;19.562;
20.52;-24.37;18.373;
18.983;-21.654;19.281;
18.771;-20.192;19.218;
19.02;-19.544;20.582;
19.788;-18.595;20.678;
17.374;-19.883;18.7;
17.245;-20.103;17.182;
15.88;-19.676;16.654;
14.875;-19.723;17.365;
15.846;-19.256;15.416;
18.411;-20.078;21.636;
18.663;-19.601;23;
20.158;-19.682;23.363;
20.724;-18.774;23.985;
17.824;-20.376;24.008;
16.326;-20.105;23.867;
15.533;-21.194;24.548;
15.989;-18.723;24.447;
20.795;-20.768;22.975;
22.227;-20.931;23.208;
23.047;-19.811;22.544;
23.99;-19.268;23.134;
22.611;-22.317;22.673;
23.705;-23.059;23.389;
23.808;-24.537;22.896;
24.112;-25.425;23.666;
23.489;-24.774;21.624;
22.721;-19.473;21.301;
23.364;-18.349;20.643;
23.045;-17.013;21.356;
23.946;-16.19;21.526;
22.988;-18.253;19.156;
23.803;-17.171;18.411;
23.425;-16.984;16.935;
22.284;-17.283;16.517;
24.294;-16.496;16.188;
21.783;-16.779;21.734;
21.457;-15.567;22.539;
22.334;-15.475;23.782;
22.845;-14.399;24.103;
19.977;-15.485;22.978;
18.969;-15.343;21.842;
17.563;-15.38;22.448;
19.198;-14.108;20.958;
22.48;-16.589;24.509;
23.299;-16.584;25.711;
24.765;-16.205;25.39;
25.38;-15.41;26.11;
23.198;-17.917;26.506;
24.165;-17.923;27.665;
21.79;-18.086;27.065;
25.319;-16.741;24.317;
26.713;-16.438;23.96;
26.872;-14.933;23.589;
27.86;-14.304;23.973;
27.166;-17.312;22.801;
25.893;-14.371;22.869;
25.93;-12.948;22.48;
25.771;-12.092;23.735;
26.516;-11.097;23.901;
24.894;-12.583;21.325;
24.787;-11.035;21.082;
25.301;-13.266;20.028;
24.83;-12.47;24.623;
24.676;-11.769;25.884;
25.981;-11.731;26.659;
26.417;-10.654;27.111;
23.536;-12.388;26.765;
26.588;-12.9;26.82;
27.881;-13.043;27.535;
28.953;-12.082;26.956;
29.618;-11.332;27.7;
28.383;-14.505;27.449;
27.616;-15.489;28.368;
26.821;-15.123;29.255;
27.884;-16.784;28.147;
29.102;-12.095;25.633;
30.065;-11.214;24.942;
29.793;-9.737;25.111;
30.681;-8.916;24.861;
30.06;-11.477;23.443;
30.624;-12.808;23.035;
30.409;-13.031;21.556;
30.3;-12.006;20.826;
30.319;-14.216;21.14;
28.552;-9.396;25.478;
28.159;-8.007;25.636;
27.941;-7.645;27.085;
27.359;-6.605;27.379;
26.903;-7.703;24.799;
27.217;-7.577;23.323;
27.732;-6.554;22.906;
26.926;-8.626;22.521;
28.409;-8.517;27.984;
28.291;-8.318;29.443;
26.841;-8.193;29.961;
26.557;-7.516;30.967;
29.187;-7.157;29.924;
30.719;-7.425;29.682;
31.293;-8.548;30.531;
30.719;-8.861;31.6;
32.352;-9.101;30.15;
25.934;-8.879;29.274;
24.536;-8.925;29.706;
24.244;-10.249;30.38;
24.543;-11.294;29.81;
23.655;-8.737;28.449;
22.171;-8.827;28.795;
24.06;-7.412;27.716;
23.704;-10.224;31.602;
23.102;-11.421;32.206;
21.831;-11.827;31.473;
20.836;-11.093;31.519;
22.669;-11.155;33.641;
23.817;-11.013;34.596;
24.98;-11.363;34.218;
23.544;-10.529;35.736;
21.841;-12.977;30.801;
20.599;-13.521;30.241;
19.871;-14.198;31.391;
20.358;-15.196;31.946;
20.939;-14.518;29.124;
19.734;-15.025;28.336;
19.502;-14.572;27.037;
18.879;-15.983;28.881;
18.43;-15.055;26.283;
17.797;-16.466;28.154;
17.575;-16.007;26.846;
18.698;-13.662;31.748;
17.898;-14.197;32.847;
16.754;-14.977;32.231;
15.881;-14.386;31.613;
17.346;-13.069;33.745;
16.615;-13.659;34.958;
18.486;-12.133;34.193;
16.766;-16.305;32.351;
15.645;-17.053;31.807;
14.569;-17.167;32.881;
14.78;-17.732;33.948;
16.049;-18.455;31.255;
14.891;-19.08;30.503;
14.479;-18.792;29.215;
13.979;-20.052;31.004;
13.349;-19.525;28.905;
13.046;-20.322;29.982;
13.854;-20.727;32.237;
11.997;-21.236;30.151;
12.837;-21.654;32.389;
11.919;-21.897;31.368;
13.39;-16.657;32.565;
12.209;-16.736;33.43;
11.26;-17.886;33.09;
11.082;-18.222;31.927;
11.419;-15.426;33.33;
10.609;-18.424;34.112;
9.579;-19.444;33.95;
8.32;-18.925;34.597;
8.415;-18.12;35.528;
10.019;-20.778;34.568;
9.175;-21.942;33.994;
10.084;-20.723;36.134;
9.849;-23.269;34.32;
7.155;-19.333;34.071;
5.877;-18.798;34.504;
4.925;-19.99;34.758;
4.113;-20.317;33.893;
5.319;-17.808;33.434;
4.089;-17.086;33.884;
2.834;-17.656;33.82;
3.924;-15.877;34.471;
1.947;-16.817;34.326;
2.582;-15.728;34.724;
5.1;-20.691;35.902;
4.42;-21.979;36.187;
3.111;-21.911;36.989;
2.437;-22.945;37.183;
5.473;-22.698;37.037;
6.061;-21.561;37.89;
6.044;-20.33;36.989;
2.787;-20.732;37.511;
1.793;-20.62;38.564;
0.361;-20.986;38.21;
-0.412;-21.38;39.086;
-0.01;-20.861;36.941;
-1.391;-21.127;36.545;
-1.782;-22.612;36.787;
-2.923;-22.896;37.155;
-1.651;-20.69;35.102;
-0.761;-21.371;34.011;
0.761;-21.018;34.077;
1.155;-19.96;34.559;
1.594;-21.917;33.573;
-0.842;-23.549;36.628;
-1.183;-24.962;36.81;
-0.222;-25.757;37.709;
-0.326;-26.986;37.781;
-1.328;-25.648;35.45;
0.018;-25.863;34.758;
1.013;-25.244;35.19;
0.076;-26.676;33.794;
0.693;-25.066;38.391;
1.606;-25.731;39.32;
0.836;-26.444;40.476;
-0.219;-25.989;40.922;
2.685;-24.773;39.88;
3.826;-25.569;40.524;
2.053;-23.753;40.886;
5.205;-24.879;40.562;
1.35;-27.606;40.872;
0.904;-28.284;42.081;
2.011;-28.149;43.098;
3.194;-28.232;42.753;
0.59;-29.769;41.805;
-0.583;-29.954;40.831;
-1.081;-31.416;40.822;
-0.631;-32.188;39.576;
-1.097;-33.647;39.617;
1.621;-27.909;44.342;
2.557;-27.809;45.433;
2.919;-29.228;45.967;
2.565;-29.609;47.105;
1.977;-26.922;46.536;
1.708;-25.485;46.101;
0.524;-24.804;46.196;
2.645;-24.578;45.499;
0.677;-23.52;45.718;
1.965;-23.362;45.274;
4.004;-24.666;45.164;
2.59;-22.24;44.719;
4.628;-23.545;44.585;
3.917;-22.351;44.374;
3.613;-29.983;45.117;
4.111;-31.31;45.429;
5.539;-31.46;44.857;
5.991;-30.625;44.053;
3.143;-32.404;44.909;
3.083;-32.479;43.374;
3.966;-31.981;42.669;
2.038;-33.115;42.853;
6.237;-32.515;45.276;
7.622;-32.779;44.854;
7.775;-32.949;43.354;
8.799;-32.567;42.79;
8.206;-34.002;45.593;
8.714;-33.651;46.992;
8.639;-34.828;47.966;
8.743;-34.334;49.414;
8.724;-35.464;50.415;
6.769;-33.51;42.704;
6.862;-33.772;41.273;
6.984;-32.49;40.418;
7.836;-32.429;39.506;
5.691;-34.617;40.79;
5.459;-34.601;39.292;
4.547;-35.737;38.793;
3.766;-36.332;39.591;
4.605;-36.021;37.579;
6.134;-31.491;40.69;
6.246;-30.202;39.965;
7.473;-29.408;40.359;
8.032;-28.69;39.535;
4.983;-29.36;40.114;
3.976;-29.606;38.989;
4.294;-30.368;38.036;
2.861;-29.025;39.038;
7.855;-29.506;41.635;
9.056;-28.876;42.16;
10.21;-29.427;41.349;
11.013;-28.671;40.814;
9.224;-29.169;43.653;
10.456;-28.57;44.331;
10.715;-29.231;45.693;
11.231;-30.596;45.511;
11.536;-31.472;46.475;
11.396;-31.164;47.759;
12.012;-32.67;46.131;
10.26;-30.757;41.23;
11.364;-31.423;40.564;
11.429;-31.139;39.07;
12.522;-30.985;38.545;
11.343;-32.948;40.859;
11.828;-33.285;42.284;
12.495;-32.438;42.945;
11.541;-34.42;42.757;
10.271;-31.072;38.392;
10.165;-30.696;36.948;
10.643;-29.261;36.629;
11.285;-29.003;35.598;
8.71;-30.852;36.471;
8.163;-32.072;35.671;
9.16;-33.134;35.264;
6.929;-32.68;36.338;
10.328;-28.339;37.524;
10.8;-26.944;37.389;
12.337;-26.935;37.489;
13.013;-26.36;36.639;
10.171;-26.041;38.464;
10.359;-24.533;38.228;
9.241;-23.664;38.862;
11.719;-24.107;38.762;
12.88;-27.624;38.487;
14.35;-27.668;38.627;
15.015;-28.381;37.462;
16.136;-28.054;37.091;
14.793;-28.326;39.938;
14.898;-27.475;41.205;
15.999;-26.448;41.024;
13.571;-26.77;41.58;
14.34;-29.376;36.909;
14.905;-30.097;35.758;
14.91;-29.182;34.537;
15.857;-29.175;33.742;
14.134;-31.373;35.479;
13.874;-28.369;34.412;
13.826;-27.375;33.321;
14.97;-26.363;33.456;
15.669;-26.082;32.492;
12.472;-26.649;33.298;
12.354;-25.595;32.161;
12.508;-26.159;30.762;
12.051;-25.132;29.709;
10.537;-25.063;29.615;
15.134;-25.8;34.66;
16.274;-24.92;34.963;
17.596;-25.596;34.635;
18.503;-24.962;34.071;
16.239;-24.525;36.424;
15.391;-23.299;36.71;
14.5;-22.785;35.752;
15.515;-22.644;37.951;
13.721;-21.624;36.03;
14.732;-21.487;38.253;
13.852;-20.98;37.296;
17.719;-26.877;34.983;
18.944;-27.603;34.607;
19.163;-27.635;33.1;
20.29;-27.44;32.651;
19.038;-29.006;35.233;
20.311;-29.806;34.778;
21.623;-29.242;35.323;
21.583;-28.495;36.324;
22.696;-29.546;34.724;
18.114;-27.881;32.31;
18.302;-27.877;30.846;
18.717;-26.482;30.364;
19.561;-26.34;29.465;
17.038;-28.336;30.089;
16.496;-29.738;30.444;
17.464;-30.872;30.079;
17.583;-31.092;28.555;
18.943;-31.659;28.159;
18.137;-25.438;30.968;
18.499;-24.052;30.573;
19.98;-23.762;30.91;
20.724;-23.182;30.112;
17.572;-23.056;31.281;
16.083;-23.229;30.907;
15.767;-23.476;29.15;
16.357;-21.938;28.418;
20.379;-24.213;32.09;
21.758;-24.133;32.554;
22.694;-24.822;31.542;
23.788;-24.321;31.207;
21.879;-24.77;33.944;
23.247;-24.552;34.549;
23.514;-23.419;35.351;
24.291;-25.452;34.289;
24.816;-23.209;35.89;
25.571;-25.263;34.815;
25.832;-24.141;35.615;
27.114;-23.944;36.123;
22.258;-25.958;31.021;
23.09;-26.622;30.002;
23.195;-25.842;28.693;
24.098;-26.081;27.904;
22.559;-27.999;29.699;
22.772;-28.984;30.811;
22.018;-30.286;30.538;
21.684;-30.592;29.383;
21.746;-31.046;31.586;
22.249;-24.936;28.453;
22.323;-24.063;27.271;
23.155;-22.819;27.554;
23.323;-21.967;26.684;
20.904;-23.687;26.759;
19.981;-24.823;26.287;
18.59;-24.231;25.982;
20.497;-25.591;25.067;
23.681;-22.707;28.778;
24.565;-21.608;29.104;
23.94;-20.583;30.035;
24.609;-19.64;30.458;
22.644;-20.733;30.321;
21.942;-19.746;31.15;
22.484;-19.74;32.583;
22.59;-20.81;33.208;
20.409;-19.989;31.145;
19.691;-19.085;32.198;
19.839;-19.751;29.702;
22.787;-18.542;33.11;
23.338;-18.412;34.477;
22.523;-17.514;35.43;
22.936;-17.29;36.562;
24.799;-17.94;34.436;
25.725;-18.909;33.712;
25.863;-20.265;34.537;
26.8;-21.249;33.93;
26.458;-22.143;32.992;
25.217;-22.19;32.511;
27.349;-22.995;32.511;
21.383;-16.994;34.978;
20.47;-16.246;35.896;
19.067;-16.703;35.59;
18.773;-17.057;34.444;
20.584;-14.729;35.687;
21.855;-14.24;36.079;
18.201;-16.708;36.604;
16.919;-17.39;36.518;
15.855;-16.564;37.2;
16.167;-15.82;38.106;
17.006;-18.784;37.211;
17.934;-19.716;36.488;
17.446;-20.558;35.48;
19.315;-19.656;36.717;
18.29;-21.375;34.752;
20.182;-20.485;35.993;
19.658;-21.327;34.988;
14.597;-16.747;36.8;
13.487;-16.064;37.461;
12.255;-16.924;37.438;
12.079;-17.751;36.538;
13.2;-14.708;36.723;
11.387;-16.702;38.412;
10.107;-17.385;38.482;
9.024;-16.324;38.618;
9.065;-15.503;39.565;
10.013;-18.343;39.707;
8.675;-19.12;39.642;
11.207;-19.33;39.77;
8.071;-16.326;37.68;
7.042;-15.289;37.625;
5.71;-15.874;38.106;
5.272;-16.936;37.622;
6.821;-14.763;36.186;
7.959;-13.925;35.609;
9.048;-13.469;36.391;
7.892;-13.533;34.283;
10.062;-12.691;35.803;
8.907;-12.791;33.678;
9.983;-12.346;34.424;
5.069;-15.179;39.04;
3.745;-15.607;39.548;
2.685;-14.544;39.299;
1.692;-14.444;40.029;
3.831;-15.932;41.05;
4.613;-17.183;41.376;
4.045;-18.45;41.231;
5.92;-17.085;41.872;
4.784;-19.6;41.6;
6.639;-18.202;42.215;
6.09;-19.449;42.066;
2.867;-13.77;38.232;
1.931;-12.689;37.891;
0.73;-13.211;37.098;
0.858;-14.163;36.303;
2.655;-11.589;37.074;
3.357;-12.126;35.843;
3.915;-13.25;35.884;
3.343;-11.418;34.808;
-0.435;-12.575;37.29;
-1.609;-12.861;36.443;
-2.078;-14.313;36.515;
-2.385;-14.923;35.495;
-1.356;-12.447;35.018;
-1.074;-10.95;34.911;
-1.489;-10.192;35.809;
-0.426;-10.551;33.953;
-2.099;-14.852;37.73;
-2.609;-16.202;37.954;
-3.637;-16.167;39.095;
-3.679;-15.196;39.878;
-1.466;-17.173;38.319;
-0.779;-16.704;39.601;
-0.439;-17.287;37.164;
0.058;-17.752;40.28;
-4.437;-17.234;39.18;
-5.489;-17.386;40.188;
-5.375;-18.78;40.769;
-4.911;-19.707;40.104;
-6.88;-17.205;39.565;
-7.853;-16.966;40.597;
-5.723;-18.917;42.038;
-5.832;-20.237;42.631;
-4.64;-20.594;43.479;
-3.972;-19.727;44.063;
-4.382;-21.886;43.566;
-3.395;-22.382;44.515;
-1.989;-21.829;44.261;
-1.262;-21.616;45.205;
-3.399;-23.926;44.528;
-4.743;-24.539;44.987;
-5.005;-24.298;46.463;
-4.021;-24.216;47.234;
-6.195;-24.177;46.858;
-1.631;-21.558;43.006;
-0.272;-21.024;42.644;
0.052;-19.67;43.287;
1.239;-19.251;43.317;
-0.99;-19.014;43.83;
-0.896;-17.68;44.455;
-0.457;-17.72;45.92;
-0.274;-16.671;46.55;
-2.245;-16.845;44.359;
-3.251;-17.429;45.19;
-2.799;-16.774;42.929;
-0.25;-18.911;46.475;
0.054;-19.018;47.909;
1.474;-18.52;48.194;
2.417;-19.097;47.681;
-0.125;-20.503;48.346;
0.107;-20.712;49.838;
1.032;-20.171;50.416;
-0.722;-21.529;50.446;
1.633;-17.444;48.996;
2.969;-16.807;49.136;
3.935;-17.645;49.956;
5.158;-17.595;49.738;
2.666;-15.502;49.857;
1.393;-15.803;50.669;
0.587;-16.744;49.787;
3.398;-18.404;50.916;
4.231;-19.3;51.707;
4.87;-20.375;50.814;
6.067;-20.594;50.9;
3.432;-19.955;52.849;
4.226;-21.028;53.625;
5.316;-20.46;54.536;
5.362;-19.257;54.794;
6.194;-21.343;55.048;
4.067;-21.011;49.957;
4.549;-22.038;49.017;
5.493;-21.474;47.937;
6.481;-22.107;47.548;
3.367;-22.71;48.345;
2.467;-23.491;49.306;
3.093;-24.799;49.652;
2.126;-25.699;50.406;
2.969;-26.79;50.994;
5.158;-20.281;47.446;
6.024;-19.565;46.489;
7.394;-19.316;47.098;
8.412;-19.607;46.481;
5.39;-18.222;46.073;
4.194;-18.306;45.154;
3.561;-16.911;44.935;
4.087;-15.902;45.415;
2.461;-16.853;44.198;
7.428;-18.812;48.331;
8.706;-18.534;48.976;
9.473;-19.838;49.231;
10.688;-19.901;49.006;
8.507;-17.732;50.264;
8.77;-20.881;49.677;
9.412;-22.192;49.887;
10.053;-22.729;48.603;
11.171;-23.223;48.62;
8.435;-23.185;50.5;
8.288;-22.887;51.995;
7.144;-23.599;52.743;
6.352;-24.367;52.129;
7.066;-23.357;53.984;
9.339;-22.583;47.489;
9.822;-23.033;46.203;
11.064;-22.26;45.778;
12.058;-22.85;45.372;
8.713;-22.91;45.145;
9.15;-23.265;43.717;
9.353;-24.753;43.597;
8.161;-22.744;42.625;
11.006;-20.93;45.857;
12.162;-20.108;45.49;
13.359;-20.342;46.417;
14.523;-20.331;45.953;
11.813;-18.604;45.448;
11.281;-17.998;44.127;
12.39;-17.908;43.067;
10.127;-18.834;43.574;
13.08;-20.546;47.711;
14.144;-20.864;48.676;
14.788;-22.221;48.383;
15.992;-22.396;48.539;
13.648;-20.816;50.128;
13.322;-19.408;50.599;
13.681;-18.413;49.954;
12.627;-19.316;51.723;
13.979;-23.163;47.941;
14.461;-24.463;47.478;
15.314;-24.347;46.206;
16.411;-24.927;46.13;
13.275;-25.392;47.266;
13.656;-26.818;46.896;
13.833;-27.791;47.88;
13.818;-27.185;45.56;
14.176;-29.105;47.535;
14.169;-28.492;45.204;
14.342;-29.439;46.2;
14.671;-30.733;45.847;
14.84;-23.596;45.21;
15.649;-23.311;43.999;
16.985;-22.666;44.397;
18.023;-23.014;43.847;
14.905;-22.366;42.972;
13.632;-23.063;42.442;
15.821;-21.99;41.823;
12.653;-22.119;41.779;
16.937;-21.69;45.307;
18.136;-21.033;45.834;
19.094;-22.034;46.463;
20.287;-22.113;46.091;
17.697;-20;46.888;
18.839;-19.147;47.4;
19.809;-18.91;46.632;
18.738;-18.698;48.578;
18.583;-22.787;47.436;
19.446;-23.703;48.215;
19.945;-24.928;47.425;
21.103;-25.347;47.554;
18.755;-24.073;49.546;
18.553;-22.83;50.482;
17.372;-22.933;51.461;
16.81;-24.033;51.637;
17.005;-21.894;52.063;
19.103;-25.459;46.551;
19.424;-26.671;45.818;
20.054;-26.474;44.449;
20.468;-27.45;43.809;
18.179;-27.533;45.691;
18.006;-28.521;46.807;
17.766;-27.872;48.147;
17.408;-28.892;49.22;
16.989;-28.177;50.48;
20.13;-25.228;43.98;
20.496;-24.987;42.578;
21.4;-23.759;42.477;
22.56;-23.871;42.093;
19.209;-24.86;41.718;
19.465;-24.672;40.247;
19.906;-25.714;39.467;
19.244;-23.442;39.64;
20.125;-25.545;38.124;
19.457;-23.259;38.29;
19.913;-24.307;37.524;
20.897;-22.595;42.877;
21.696;-21.355;42.812;
22.909;-21.347;43.783;
23.926;-20.671;43.518;
20.833;-20.15;43.043;
22.788;-22.098;44.884;
23.866;-22.214;45.875;
24.687;-23.508;45.711;
25.575;-23.824;46.525;
23.31;-22.099;47.295;
22.55;-20.773;47.62;
23.352;-19.482;47.399;
24.545;-19.431;47.653;
22.678;-18.428;46.935;
24.381;-24.255;44.659;
25.09;-25.485;44.331;
25.928;-25.297;43.04;
27.079;-25.766;42.937;
24.09;-26.676;44.248;
24.689;-27.858;43.564;
23.559;-27.049;45.661;
25.396;-24.572;42.068;
26.24;-24.198;40.92;
27.297;-23.176;41.351;
27.05;-22.403;42.296;
25.396;-23.577;39.807;
24.311;-24.454;39.262;
24.793;-25.866;38.871;
23.669;-26.628;38.192;
24.169;-27.844;37.504;
28.48;-23.17;40.672;
29.563;-22.207;40.989;
29.351;-20.777;40.519;
30.116;-19.895;40.935;
30.765;-22.748;40.214;
30.211;-23.554;39.102;
28.887;-24.131;39.632;
28.359;-20.557;39.643;
28.351;-19.36;38.79;
26.954;-18.809;38.473;
26.744;-18.209;37.41;
29.142;-19.62;37.477;
28.591;-20.787;36.665;
27.673;-21.49;37.118;
29.074;-21.037;35.545;
25.999;-18.989;39.368;
24.699;-18.408;39.102;
24.687;-16.969;39.624;
25.141;-16.693;40.763;
23.532;-19.303;39.619;
23.376;-20.487;38.639;
22.236;-18.452;39.818;
22.272;-21.444;38.912;
24.213;-16.05;38.777;
24.162;-14.631;39.151;
22.843;-14.218;39.811;
22.723;-14.244;41.07;
24.541;-13.801;37.948;
25.857;-14.255;37.373;
25.938;-14.713;36.22;
26.909;-14.201;38.21;
21.844;-13.891;38.999;
20.576;-13.361;39.549;
19.539;-14.444;39.749;
19.406;-15.33;38.917;
19.981;-12.297;38.622;
20.886;-11.123;38.246;
20.103;-10.038;37.515;
19.001;-9.658;37.956;
20.634;-9.564;36.375;
18.817;-14.366;40.864;
17.625;-15.189;41.109;
16.538;-14.208;41.481;
16.719;-13.417;42.429;
17.86;-16.259;42.205;
16.641;-17.193;42.496;
16.073;-17.883;41.186;
16.935;-18.266;43.574;
15.472;-14.169;40.665;
14.439;-13.127;40.739;
13.06;-13.758;40.749;
12.851;-14.775;40.09;
14.53;-12.223;39.484;
13.497;-11.124;39.539;
15.906;-11.635;39.402;
12.117;-13.187;41.485;
10.736;-13.605;41.337;
9.787;-12.434;41.064;
9.965;-11.343;41.586;
10.257;-14.447;42.552;
10.145;-13.7;43.838;
8.493;-13.024;44.066;
7.614;-14.508;44.618;
8.754;-12.68;40.264;
7.67;-11.704;40.136;
6.5;-12.159;40.966;
6.005;-13.247;40.756;
7.218;-11.534;38.685;
6.01;-10.167;38.491;
6.065;-11.334;41.927;
4.962;-11.715;42.808;
3.568;-11.659;42.143;
3.357;-10.985;41.127;
5.086;-10.714;43.978;
5.671;-9.457;43.353;
6.648;-10.009;42.267;
2.632;-12.391;42.708;
1.235;-12.356;42.276;
0.645;-10.946;42.501;
-0.064;-10.388;41.624;
0.438;-13.469;43.011;
0.986;-14.757;42.676;
-1.067;-13.437;42.637;
0.911;-10.369;43.662;
0.586;-8.943;43.896;
1.813;-8.146;43.517;
2.796;-8.176;44.248;
0.238;-8.681;45.407;
-0.954;-9.484;45.971;
-1.377;-8.964;47.384;
-0.582;-8.27;48.048;
-2.481;-9.237;47.817;
1.818;-7.498;42.343;
3.048;-6.857;41.859;
2.833;-5.371;41.726;
3.689;-4.665;41.176;
3.522;-7.438;40.495;
2.389;-7.486;39.464;
2.045;-6.353;38.704;
1.617;-8.628;39.311;
0.941;-6.376;37.766;
0.529;-8.673;38.393;
0.211;-7.561;37.637;
-0.859;-7.662;36.763;
1.677;-4.885;42.19;
1.476;-3.446;42.289;
0.552;-3.115;43.483;
-0.212;-3.958;43.942;
0.906;-2.834;40.978;
-0.526;-3.288;40.695;
-1.497;-2.677;41.156;
-0.659;-4.405;39.994;
0.616;-1.878;43.961;
-0.032;-1.523;45.24;
-1.523;-1.648;45.068;
-2.246;-2.146;45.948;
0.267;-0.07;45.603;
-0.199;0.335;46.996;
0.076;1.827;47.271;
-0.439;2.262;48.664;
-0.046;3.755;48.893;
-2.006;-1.154;43.93;
-3.45;-1.056;43.755;
-4.15;-2.426;43.639;
-5.35;-2.547;43.951;
-3.78;-0.074;42.626;
-4.029;-0.781;41.483;
-3.412;-3.469;43.223;
-3.973;-4.823;43.194;
-3.496;-5.719;44.386;
-3.546;-6.946;44.334;
-3.759;-5.481;41.813;
-4.712;-4.918;40.779;
-4.587;-3.725;40.106;
-5.956;-5.495;40.341;
-5.663;-3.545;39.256;
-6.523;-4.604;39.395;
-6.631;-6.681;40.634;
-7.743;-4.861;38.756;
-7.847;-6.934;39.988;
-8.374;-6.028;39.058;
-3.011;-5.068;45.435;
-2.573;-5.724;46.662;
-3.788;-5.731;47.625;
-4.457;-4.707;47.782;
-1.398;-4.92;47.28;
-0.885;-5.566;48.452;
-4.107;-6.877;48.217;
-5.163;-6.954;49.251;
-4.654;-6.291;50.55;
-3.75;-6.835;51.208;
-5.538;-8.439;49.486;
-6.645;-8.631;50.538;
-7.203;-7.666;51.06;
-6.956;-9.887;50.842;
-5.229;-5.135;50.947;
-4.763;-4.456;52.174;
-5.096;-5.22;53.478;
-4.555;-4.896;54.554;
-5.522;-3.123;52.134;
-6.79;-3.442;51.458;
-6.37;-4.408;50.341;
-5.98;-6.213;53.384;
-6.314;-7.04;54.556;
-5.678;-8.418;54.467;
-5.979;-9.305;55.249;
-7.838;-7.111;54.737;
-8.478;-5.709;54.957;
-9.377;-5.285;54.194;
-7.998;-4.985;55.987;
-4.793;-8.588;53.491;
-4.068;-9.808;53.313;
-2.666;-9.647;53.873;
-2.302;-8.582;54.411;
-1.888;-10.712;53.781;
-0.506;-10.665;54.231;
0.455;-11.168;53.157;
1.584;-11.572;53.459;
-0.329;-11.429;55.564;
-0.509;-12.949;55.417;
-0.901;-13.456;54.362;
-0.22;-13.685;56.499;
0.02;-11.102;51.901;
0.776;-11.68;50.808;
2.211;-11.119;50.8;
3.173;-11.881;50.844;
0.05;-11.5;49.442;
0.89;-12.018;48.287;
0.742;-13.318;47.808;
1.884;-11.222;47.723;
1.574;-13.802;46.781;
2.701;-11.697;46.714;
2.553;-12.973;46.258;
3.383;-13.417;45.26;
2.34;-9.79;50.75;
3.634;-9.162;50.52;
4.568;-9.278;51.725;
5.783;-9.492;51.573;
3.471;-7.698;50.108;
2.971;-7.473;48.677;
2.577;-5.992;48.504;
4.029;-7.916;47.642;
4.005;-9.131;52.923;
4.794;-9.35;54.139;
5.268;-10.795;54.301;
6.378;-11.01;54.771;
4.057;-8.852;55.398;
2.731;-9.403;55.429;
3.982;-7.305;55.353;
4.439;-11.772;53.924;
4.866;-13.184;53.916;
6.085;-13.389;53.016;
7.118;-13.905;53.468;
3.692;-14.111;53.565;
2.682;-13.924;54.567;
4.098;-15.613;53.535;
6.006;-12.937;51.758;
7.191;-12.988;50.9;
8.384;-12.29;51.528;
9.469;-12.837;51.536;
6.924;-12.326;49.551;
5.989;-12.978;48.58;
6.181;-12.241;47.249;
6.374;-14.437;48.456;
8.184;-11.077;52.051;
9.299;-10.285;52.588;
10.018;-10.976;53.739;
11.232;-10.964;53.807;
9.238;-11.612;54.612;
9.742;-12.35;55.774;
10.292;-13.74;55.432;
11.225;-14.189;56.073;
8.614;-12.541;56.794;
8.223;-11.242;57.513;
8.964;-10.23;57.422;
7.163;-11.23;58.175;
9.695;-14.438;54.469;
10.088;-15.843;54.192;
11.087;-16.035;53.056;
11.86;-17.009;53.05;
8.857;-16.696;53.907;
7.882;-16.845;55.088;
8.184;-18.127;55.87;
7.611;-18.137;57.295;
6.458;-17.207;57.427;
11.099;-15.118;52.089;
12.035;-15.243;50.968;
13.499;-15.019;51.356;
13.821;-13.992;51.947;
11.664;-14.244;49.843;
11.071;-14.711;48.522;
11.411;-13.638;47.49;
11.553;-16.1;48.035;
14.392;-15.925;50.955;
15.838;-15.73;51.206;
16.266;-14.332;50.733;
15.808;-13.872;49.686;
16.688;-16.804;50.52;
16.594;-18.191;51.211;
16.064;-18.329;52.311;
17.126;-19.202;50.558;
17.163;-13.661;51.496;
17.413;-12.23;51.257;
18.134;-11.918;49.944;
18.035;-10.792;49.47;
18.22;-11.766;52.495;
18.543;-12.971;53.266;
17.997;-14.206;52.586;
18.8;-12.901;49.339;
19.421;-12.702;48.022;
18.453;-12.827;46.817;
18.859;-12.614;45.654;
20.577;-13.682;47.818;
20.112;-15.035;47.801;
17.205;-13.202;47.072;
16.256;-13.38;45.975;
15.548;-12.045;45.709;
15.077;-11.37;46.653;
15.258;-14.544;46.251;
16.017;-15.855;46.558;
14.299;-14.738;45.045;
15.119;-16.992;47.068;
15.503;-11.635;44.444;
14.897;-10.331;44.118;
13.361;-10.459;43.993;
12.833;-11.518;43.627;
15.488;-9.744;42.836;
17.028;-9.593;42.805;
17.586;-8.707;43.881;
18.721;-8.906;44.297;
16.806;-7.762;44.376;
12.645;-9.402;44.337;
11.177;-9.391;44.162;
10.871;-8.21;43.252;
11.223;-7.072;43.558;
10.446;-9.219;45.525;
10.846;-10.364;46.464;
8.906;-9.059;45.344;
10.423;-10.149;47.905;
10.193;-8.496;42.141;
9.791;-7.455;41.172;
8.525;-6.68;41.588;
7.732;-7.151;42.391;
9.621;-8.101;39.801;
10.868;-8.899;39.393;
10.762;-9.558;37.731;
11.4;-8.139;36.816;
8.324;-5.498;41.004;
7.238;-4.607;41.411;
7.009;-3.618;40.277;
7.977;-3.055;39.796;
7.69;-3.794;42.628;
6.606;-3.021;43.285;
6.515;-1.651;43.389;
5.463;-3.558;43.983;
5.358;-1.307;44.071;
4.715;-2.46;44.466;
5.007;-4.864;44.248;
3.509;-2.619;45.178;
3.795;-5.02;44.976;
3.085;-3.9;45.441;
5.75;-3.368;39.902;
5.435;-2.456;38.763;
5.061;-1.035;39.229;
4.838;-0.149;38.396;
4.352;-3.014;37.801;
3.048;-3.001;38.431;
4.687;-4.433;37.366;
5.015;-0.83;40.551;
4.775;0.52;41.118;
3.403;0.556;41.804;
2.911;-0.466;42.251;
2.773;1.726;41.85;
1.493;1.881;42.565;
0.325;1.254;41.818;
-0.719;0.977;42.404;
1.23;3.367;42.796;
2.113;3.955;43.865;
2.43;3.251;44.865;
2.508;5.139;43.693;
0.493;1.055;40.507;
-0.56;0.576;39.645;
0.047;-0.412;38.651;
1.266;-0.507;38.529;
-1.243;1.741;38.907;
-2.104;2.678;39.81;
-3.06;3.577;38.949;
-4.06;2.68;38.351;
-5.136;3.035;37.649;
-5.399;4.322;37.383;
-5.942;2.076;37.187;
-0.792;-1.166;37.962;
-0.318;-2.096;36.923;
0.663;-1.379;36.013;
1.79;-1.842;35.789;
-1.489;-2.715;36.077;
-0.894;-3.571;34.929;
-2.413;-3.559;36.948;
0.241;-0.224;35.494;
1.124;0.618;34.694;
1.359;1.922;35.499;
0.42;2.671;35.755;
0.498;0.992;33.351;
-0.216;-0.199;32.681;
1.523;1.685;32.462;
0.696;-1.408;32.192;
2.589;2.18;35.914;
2.872;3.411;36.663;
4.338;3.8;36.682;
5.208;3.001;36.34;
2.307;3.34;38.082;
3.049;2.494;38.878;
4.6;5.045;37.085;
5.954;5.532;37.252;
6.32;5.403;38.733;
5.437;5.31;39.565;
6.029;6.969;36.752;
5.561;7.1;35.315;
5.644;6.106;34.562;
5.122;8.197;34.923;
7.606;5.327;39.047;
8.002;4.926;40.398;
8.272;6.21;41.216;
8.996;7.112;40.775;
9.217;3.93;40.365;
8.943;2.749;39.398;
9.592;3.444;41.778;
7.587;1.95;39.63;
7.612;6.324;42.361;
7.759;7.521;43.2;
8.484;7.145;44.496;
8.598;5.95;44.846;
6.394;8.158;43.545;
5.643;7.275;44.388;
5.592;8.487;42.3;
8.982;8.159;45.21;
9.604;7.935;46.525;
8.621;7.296;47.499;
8.982;6.363;48.231;
10.197;9.249;47.117;
10.867;9.011;48.507;
11.751;10.155;49.002;
13.005;10.249;48.239;
14.103;9.54;48.474;
14.118;8.604;49.441;
15.182;9.735;47.705;
7.387;7.79;47.527;
6.382;7.252;48.439;
6.017;5.829;48.039;
5.783;4.979;48.9;
5.11;8.108;48.45;
5.237;9.359;49.326;
6.342;9.659;49.85;
4.202;10.064;49.472;
5.969;5.592;46.725;
5.628;4.275;46.161;
6.659;3.213;46.469;
6.301;2.105;46.896;
7.941;3.543;46.262;
9.042;2.598;46.548;
9.186;2.342;48.052;
9.483;1.22;48.462;
10.411;3.029;45.889;
11.378;1.853;45.83;
11.092;4.204;46.635;
11.098;0.883;44.774;
8.962;3.386;48.865;
8.86;3.226;50.327;
7.822;2.227;50.75;
8.108;1.377;51.59;
8.543;4.574;51.006;
9.557;5.486;50.643;
6.596;2.365;50.23;
5.496;1.47;50.58;
5.862;0.008;50.309;
5.681;-0.838;51.167;
4.21;1.879;49.832;
2.975;1.159;50.268;
2.039;1.582;51.228;
2.527;-0.094;49.797;
1.047;0.642;51.351;
1.319;-0.398;50.487;
3.023;-1.02;48.831;
0.615;-1.58;50.256;
2.337;-2.191;48.632;
1.127;-2.456;49.315;
6.411;-0.291;49.123;
6.768;-1.676;48.828;
7.936;-2.196;49.677;
7.89;-3.33;50.194;
7.008;-1.939;47.283;
7.345;-3.432;47.048;
8.101;-1.006;46.686;
6.199;-4.416;47.503;
8.994;-1.387;49.788;
10.245;-1.806;50.425;
10.03;-2.166;51.895;
10.581;-3.129;52.384;
11.316;-0.724;50.291;
11.972;-0.701;48.905;
11.602;-1.476;48.017;
12.984;0.181;48.726;
9.184;-1.396;52.568;
8.794;-1.659;53.956;
8.222;-3.061;54.106;
8.396;-3.702;55.139;
7.731;-0.643;54.394;
7.443;-0.643;55.87;
6.633;0.569;56.304;
6.584;1.577;55.542;
6.035;0.493;57.413;
7.559;-3.547;53.067;
6.839;-4.813;53.147;
7.674;-6.006;52.735;
7.644;-7.035;53.377;
5.546;-4.739;52.328;
4.47;-4.025;53.104;
3.373;-3.419;52.243;
2.384;-2.727;53.1;
2.547;-1.511;53.616;
1.588;-0.99;54.377;
3.654;-0.8;53.369;
8.469;-5.838;51.69;
9.251;-6.943;51.167;
10.61;-7.017;51.838;
11.327;-7.999;51.638;
9.359;-6.94;49.609;
9.914;-5.607;49.107;
7.977;-7.227;48.976;
10.453;-5.643;47.63;
10.932;-6.02;52.67;
12.11;-6.05;53.535;
13.397;-6.087;52.705;
14.424;-6.629;53.134;
12.076;-7.247;54.546;
10.733;-7.462;55.293;
10.284;-6.242;56.084;
8.899;-6.476;56.759;
7.929;-7.469;56.05;
13.333;-5.479;51.523;
14.477;-5.361;50.64;
14.15;-4.327;49.551;
12.987;-3.986;49.38;
14.775;-6.71;50.001;
13.707;-7.201;49.022;
13.902;-8.679;48.813;
13.354;-9.35;49.98;
13.466;-10.645;50.236;
14.174;-11.436;49.414;
12.923;-11.113;51.371;
15.161;-3.848;48.798;
14.802;-2.885;47.761;
14.165;-3.586;46.539;
14.697;-4.589;46.008;
16.156;-2.232;47.384;
17.149;-2.739;48.402;
16.61;-4.068;48.852;
13.039;-3.056;46.096;
12.305;-3.722;45.038;
13.052;-3.658;43.706;
13.814;-2.722;43.426;
10.913;-3.136;44.907;
12.773;-4.645;42.862;
13.378;-4.778;41.548;
12.291;-4.331;40.573;
11.357;-5.065;40.274;
13.715;-6.261;41.344;
14.668;-6.614;40.189;
15.929;-7.171;40.446;
14.278;-6.446;38.85;
16.794;-7.551;39.387;
15.095;-6.833;37.786;
16.367;-7.385;38.061;
17.191;-7.752;37.018;
12.421;-3.118;40.046;
11.324;-2.545;39.305;
11.09;-3.221;37.945;
12.001;-3.331;37.138;
11.505;-1.002;39.126;
11.603;-0.337;40.5;
10.32;-0.418;38.357;
10.322;-0.558;41.39;
9.837;-3.601;37.697;
9.385;-4.002;36.361;
8.607;-2.782;35.871;
7.463;-2.565;36.3;
8.457;-5.242;36.525;
7.768;-5.765;35.303;
7.093;-5.046;34.337;
7.636;-7.145;34.939;
6.57;-5.898;33.392;
6.877;-7.195;33.749;
8.069;-8.344;35.52;
6.579;-8.406;33.095;
7.739;-9.556;34.888;
7.013;-9.567;33.676;
9.181;-1.964;34.987;
8.454;-0.776;34.537;
7.688;-1.036;33.246;
8.289;-1.348;32.201;
9.417;0.413;34.394;
8.757;1.727;34.178;
7.736;2.277;34.924;
9.076;2.695;33.171;
7.4;3.511;34.421;
8.207;3.788;33.353;
10.008;2.73;32.124;
8.235;4.909;32.528;
10.049;3.836;31.304;
9.171;4.918;31.517;
6.355;-0.922;33.33;
5.472;-1.243;32.209;
5.322;-0.118;31.196;
4.253;0.382;30.969;
4.105;-1.744;32.731;
4.123;-3.258;32.987;
4.726;-4.023;32.204;
3.459;-3.694;34.062;
6.443;0.241;30.572;
6.513;1.202;29.498;
7.825;0.89;28.775;
8.862;0.735;29.445;
6.56;2.657;30.023;
6.622;3.689;28.902;
5.452;4.166;28.325;
7.849;4.101;28.37;
5.5;5.098;27.256;
7.916;5.05;27.3;
6.741;5.527;26.755;
7.833;0.907;27.436;
6.742;1.281;26.514;
5.75;0.185;26.121;
5.071;0.324;25.105;
7.517;1.771;25.272;
8.758;0.845;25.228;
9.13;0.73;26.713;
5.65;-0.893;26.9;
4.761;-2.016;26.516;
3.429;-1.508;25.998;
2.799;-0.65;26.628;
4.561;-3.06;27.662;
4.065;-2.405;28.949;
3.639;-4.165;27.208;
3.026;-1.986;24.813;
1.79;-1.512;24.2;
0.788;-2.633;24.003;
-0.149;-2.483;23.238;
2.097;-0.82;22.85;
2.863;-1.699;22.035;
0.94;-3.732;24.748;
0.185;-4.95;24.473;
-1.305;-4.832;24.863;
-2.116;-5.712;24.533;
0.9;-6.197;25.071;
0.915;-6.203;26.619;
0.226;-5.378;27.221;
1.629;-7.034;27.23;
-1.679;-3.717;25.487;
-3.081;-3.437;25.803;
-3.581;-2.21;25.027;
-4.718;-1.794;25.185;
-3.221;-3.188;27.3;
-2.393;-2.058;27.814;
-1.09;-2.263;28.277;
-2.937;-0.78;27.919;
-0.347;-1.217;28.753;
-2.204;0.271;28.439;
-0.916;0.052;28.851;
-0.183;1.119;29.376;
-2.713;-1.638;24.186;
-3.083;-0.563;23.235;
-2.31;-0.797;21.929;
-1.564;0.079;21.448;
-2.773;0.872;23.772;
-3.781;1.293;24.887;
-1.306;0.978;24.278;
-2.53;-1.991;21.377;
-1.794;-2.531;20.273;
-1.939;-1.742;18.988;
-1.144;-1.937;18.041;
-2.208;-3.987;20.055;
-1.811;-4.863;21.213;
-1.95;-6.358;20.854;
-1.887;-7.234;22.017;
-1.627;-8.545;21.947;
-1.378;-9.121;20.764;
-1.614;-9.279;23.043;
-2.925;-0.842;18.952;
-3.081;0.057;17.8;
-2.291;1.366;17.921;
-2.367;2.206;17.013;
-4.569;0.312;17.47;
-5.359;0.847;18.644;
-4.798;0.977;19.751;
-6.573;1.113;18.465;
-1.535;1.544;19.026;
-0.69;2.727;19.22;
0.793;2.358;19.258;
1.13;1.299;19.767;
-1.011;3.404;20.574;
-2.33;4.095;20.594;
-2.446;5.469;20.611;
-3.593;3.607;20.57;
-3.73;5.797;20.618;
-4.447;4.687;20.599;
1.643;3.224;18.731;
3.102;3.166;18.983;
3.41;4.136;20.117;
2.848;5.226;20.144;
3.874;3.571;17.739;
3.683;2.595;16.561;
4.51;3.146;15.372;
4.103;1.116;16.883;
4.279;3.753;21.052;
4.63;4.625;22.203;
6.104;4.998;22.136;
6.95;4.301;22.722;
4.269;3.955;23.513;
2.845;3.353;23.549;
2.606;2.746;24.892;
1.833;4.463;23.268;
6.375;6.072;21.375;
7.717;6.483;20.964;
8.209;7.753;21.682;
9.251;8.33;21.303;
7.699;6.766;19.452;
7.142;5.619;18.612;
7.274;5.956;17.131;
7.972;4.387;18.908;
7.467;8.196;22.696;
7.875;9.398;23.468;
9.039;9.19;24.443;
9.559;8.067;24.617;
9.454;10.274;25.095;
10.462;10.237;26.168;
10.066;9.387;27.36;
8.885;9.202;27.66;
10.555;11.706;26.655;
9.442;12.445;25.991;
8.979;11.653;24.799;
11.076;8.957;28.079;
10.91;8.194;29.287;
10.958;9.238;30.409;
11.959;9.97;30.554;
12.042;7.15;29.34;
12.42;6.703;30.804;
11.653;5.928;28.467;
9.875;9.335;31.164;
9.812;10.306;32.269;
8.847;9.809;33.344;
8.107;8.849;33.118;
9.362;11.694;31.756;
7.92;11.767;31.216;
6.871;12.08;32.065;
7.63;11.525;29.857;
5.55;12.152;31.615;
6.299;11.579;29.381;
5.266;11.908;30.278;
3.946;11.972;29.899;
8.879;10.471;34.516;
7.887;10.285;35.562;
8.438;9.503;36.736;
7.791;9.424;37.793;
9.618;8.897;36.548;
10.262;8.13;37.621;
11.204;9.02;38.428;
12.014;9.775;37.863;
11.042;6.94;37.056;
10.159;6.013;36.253;
9.231;5.428;36.806;
10.425;5.889;34.942;
11.071;8.937;39.757;
11.868;9.777;40.665;
13.362;9.519;40.447;
13.786;8.353;40.364;
11.431;9.452;42.096;
12.038;10.402;43.129;
13.278;10.553;43.146;
11.264;10.939;43.937;
14.155;10.583;40.329;
15.593;10.453;40.051;
16.498;10.418;41.283;
17.718;10.395;41.128;
16.072;11.587;39.137;
15.798;12.837;39.787;
15.344;11.544;37.751;
15.909;10.391;42.484;
16.668;10.434;43.751;
16.557;9.115;44.536;
17.041;9.003;45.679;
16.165;11.584;44.68;
14.809;11.335;45.103;
16.211;12.929;43.931;
15.939;8.102;43.931;
15.645;6.86;44.68;
16.493;5.648;44.306;
16.109;4.512;44.631;
14.12;6.499;44.605;
13.663;6.363;43.152;
13.265;7.566;45.376;
12.211;5.83;42.989;
17.648;5.866;43.672;
18.514;4.759;43.224;
18.8;3.736;44.32;
18.813;2.538;44.077;
19.826;5.282;42.648;
19.049;4.219;45.535;
19.413;3.336;46.64;
18.257;2.456;47.044;
18.487;1.424;47.685;
19.849;4.154;47.857;
21.215;4.806;47.662;
21.649;5.57;48.927;
22.991;6.28;48.728;
23.244;7.238;49.864;
17.024;2.874;46.705;
15.809;2.166;47.08;
15.371;1.086;46.087;
14.299;0.462;46.266;
14.641;3.141;47.242;
14.921;4.444;48.03;
15.37;4.17;49.423;
15.045;3.075;49.944;
16.042;5.06;50.004;
16.155;0.916;45.024;
15.811;-0.002;43.956;
16.987;-0.953;43.725;
18.129;-0.517;43.529;
15.482;0.76;42.653;
14.218;1.671;42.723;
13.856;2.604;41.19;
15.49;2.474;40.49;
16.698;-2.249;43.706;
17.706;-3.27;43.392;
17.955;-3.362;41.89;
19.077;-3.652;41.438;
17.242;-4.642;43.888;
17.492;-4.74;45.286;
16.901;-3.113;41.114;
16.99;-3.266;39.66;
15.943;-2.386;39.05;
15.003;-1.94;39.745;
16.107;-2.094;37.765;
15.082;-1.366;37.036;
15.114;-1.894;35.607;
16.136;-1.776;34.934;
15.382;0.149;37.071;
14.25;0.98;36.579;
13.41;1.661;37.482;
13.987;1.053;35.2;
12.345;2.435;36.981;
12.92;1.812;34.699;
12.087;2.485;35.601;
14.034;-2.559;35.182;
13.95;-3.099;33.83;
12.688;-2.562;33.17;
11.645;-2.357;33.831;
13.991;-4.676;33.765;
15.381;-5.184;34.229;
12.872;-5.312;34.586;
12.784;-2.339;31.871;
11.624;-1.93;31.08;
10.959;-3.107;30.334;
11.632;-3.919;29.703;
11.978;-0.775;30.084;
11.006;-0.723;29.035;
13.351;-0.97;29.43;
9.627;-3.168;30.393;
8.826;-4.079;29.566;
8.484;-3.324;28.261;
7.779;-2.31;28.282;
7.558;-4.513;30.336;
6.801;-5.644;29.655;
7.343;-6.386;28.822;
5.545;-5.792;30.016;
9.054;-3.757;27.122;
8.93;-2.99;25.886;
7.756;-3.384;24.981;
6.931;-4.191;25.364;
10.285;-3.255;25.194;
10.582;-4.732;25.6;
9.94;-4.939;26.966;
7.671;-2.759;23.817;
6.638;-3.083;22.85;
7.08;-4.353;22.126;
8.278;-4.663;22.042;
6.477;-1.984;21.764;
5.982;-0.608;22.266;
5.983;0.618;20.952;
7.709;1.152;21.028;
6.106;-5.034;21.546;
6.398;-6.121;20.614;
7.181;-5.637;19.382;
7.731;-6.455;18.627;
5.092;-6.804;20.215;
4.293;-6.126;19.148;
3.292;-7.131;18.537;
3.464;-7.476;17.34;
2.363;-7.603;19.262;
7.215;-4.306;19.169;
8.066;-3.692;18.141;
9.468;-3.433;18.732;
9.689;-2.435;19.44;
7.435;-2.371;17.613;
6.006;-2.535;17.183;
5.649;-3.313;16.099;
4.846;-2.089;17.724;
4.328;-3.322;15.981;
3.815;-2.593;16.96;
10.397;-4.341;18.446;
11.726;-4.358;19.075;
12.568;-3.116;18.755;
13.068;-2.436;19.659;
12.472;-5.635;18.679;
12.686;-2.77;17.478;
13.501;-1.593;17.122;
12.923;-0.299;17.645;
13.685;0.556;18.112;
13.73;-1.434;15.604;
14.481;-2.578;14.924;
15.881;-2.812;15.452;
16.599;-1.829;15.714;
16.262;-4.011;15.572;
11.607;-0.133;17.503;
10.868;1.059;17.985;
11.03;1.264;19.505;
10.985;2.416;20.003;
9.376;0.927;17.693;
9.106;0.844;16.297;
11.172;0.152;20.226;
11.381;0.127;21.697;
12.731;0.677;22.138;
12.904;1.053;23.29;
11.22;-1.314;22.221;
9.856;-1.717;22.144;
13.702;0.704;21.224;
15.034;1.245;21.513;
15.096;2.701;21.98;
16.01;3.063;22.693;
15.972;1.035;20.318;
16.29;-0.451;20.096;
17.345;-0.623;18.975;
17.773;-2.108;18.798;
18.69;-2.191;17.576;
14.129;3.515;21.581;
14.044;4.892;22.072;
13.914;4.885;23.611;
14.739;5.502;24.357;
12.882;5.61;21.429;
13.189;5.834;19.937;
12.638;6.985;22.128;
11.973;6.403;19.191;
12.921;4.149;24.087;
12.715;4.037;25.554;
13.831;3.263;26.229;
14.275;3.642;27.315;
11.377;3.365;25.853;
14.243;2.139;25.623;
15.31;1.322;26.189;
16.622;2.11;26.423;
17.23;2.02;27.483;
15.553;0.053;25.318;
14.321;-0.86;25.451;
16.809;-0.697;25.794;
14.3;-1.989;24.369;
17.058;2.861;25.413;
18.232;3.735;25.552;
18.044;4.733;26.711;
18.988;5.038;27.456;
18.39;4.504;24.263;
19.59;5.433;24.068;
20.686;5.034;23.267;
19.562;6.741;24.57;
21.76;5.921;22.993;
20.612;7.64;24.313;
21.699;7.228;23.537;
22.69;8.138;23.278;
16.831;5.25;26.861;
16.567;6.302;27.873;
16.552;5.675;29.26;
17.028;6.283;30.216;
15.221;6.984;27.594;
15.203;7.7;26.36;
15.976;4.466;29.37;
15.951;3.717;30.651;
17.402;3.335;31.023;
17.773;3.457;32.177;
15.064;2.442;30.585;
15.342;1.465;31.812;
13.589;2.819;30.409;
18.22;2.923;30.042;
19.634;2.677;30.326;
20.28;3.906;30.971;
21.032;3.776;31.953;
20.411;2.28;29.064;
20.038;5.091;30.392;
20.672;6.318;30.868;
20.159;6.673;32.287;
20.935;7.036;33.166;
20.352;7.443;29.875;
20.866;8.703;30.315;
18.845;6.579;32.488;
18.216;6.868;33.764;
18.777;5.966;34.87;
19.064;6.45;35.965;
16.692;6.663;33.648;
15.973;6.555;35.005;
15.674;7.697;35.771;
15.565;5.318;35.501;
15.017;7.586;37.003;
14.937;5.194;36.738;
14.659;6.324;37.488;
14.01;6.132;38.707;
18.895;4.663;34.605;
19.209;3.696;35.651;
20.685;3.733;36.028;
21.028;3.393;37.181;
18.806;2.249;35.243;
21.542;4.114;35.074;
22.981;4.249;35.326;
23.276;5.523;36.132;
24.012;5.478;37.129;
23.764;4.29;33.993;
25.274;4.405;34.186;
25.992;5.56;34.38;
26.226;3.329;34.234;
27.339;5.272;34.514;
27.508;3.911;34.449;
26.127;1.937;34.114;
28.687;3.143;34.538;
27.323;1.156;34.237;
28.58;1.773;34.433;
22.723;6.654;35.693;
22.938;7.927;36.386;
21.648;8.741;36.512;
21.441;9.737;35.801;
24.063;8.703;35.674;
24.596;9.865;36.486;
23.971;10.286;37.462;
25.761;10.406;36.069;
20.758;8.336;37.42;
19.472;9.03;37.51;
19.642;10.488;37.939;
18.86;11.339;37.5;
18.685;8.234;38.557;
19.697;7.374;39.249;
20.871;7.215;38.369;
20.668;10.775;38.756;
20.889;12.157;39.269;
21.03;13.16;38.142;
20.577;14.318;38.251;
22.095;12.227;40.244;
21.62;12.704;37.04;
21.792;13.504;35.861;
20.884;13.087;34.702;
21.215;13.357;33.547;
23.222;13.37;35.371;
24.307;13.733;36.379;
24.338;15.224;36.675;
25.646;15.603;37.378;
25.829;17.096;37.465;
19.773;12.42;34.981;
18.894;11.999;33.899;
18.178;13.207;33.284;
17.486;13.955;33.968;
17.908;10.909;34.32;
16.97;10.506;33.183;
17.465;9.888;32.032;
15.587;10.731;33.283;
16.597;9.529;30.956;
14.729;10.403;32.218;
15.252;9.797;31.081;
14.412;9.478;30.043;
18.371;13.379;31.978;
17.771;14.469;31.209;
16.835;13.826;30.199;
17.316;13.282;29.201;
18.899;15.228;30.49;
18.403;16.447;29.719;
17.266;16.418;29.188;
19.165;17.448;29.625;
15.517;13.938;30.441;
14.485;13.253;29.682;
14.527;13.528;28.196;
14.651;12.587;27.35;
13.088;13.728;30.11;
12.93;13.547;31.518;
12.084;12.868;29.45;
14.399;14.818;27.882;
14.301;15.26;26.499;
15.61;15.096;25.752;
15.605;14.632;24.619;
13.813;16.714;26.42;
12.344;16.801;26.652;
11.71;17.227;27.788;
11.329;16.36;25.768;
10.368;17.121;27.632;
10.103;16.597;26.397;
11.342;15.776;24.493;
8.891;16.307;25.793;
10.131;15.491;23.882;
8.923;15.767;24.53;
16.726;15.485;26.347;
17.998;15.3;25.641;
18.305;13.845;25.374;
18.905;13.521;24.34;
19.176;15.949;26.355;
20.466;15.958;25.477;
20.282;16.664;24.108;
19.604;17.716;23.99;
20.899;16.081;23.06;
17.972;12.966;26.325;
18.27;11.529;26.162;
17.393;10.939;25.042;
17.839;10.114;24.247;
18.055;10.761;27.503;
18.936;11.307;28.496;
18.421;9.288;27.332;
16.127;11.369;25.014;
15.177;11.017;23.931;
15.712;11.366;22.541;
15.762;10.503;21.646;
13.836;11.717;24.178;
12.718;11.448;23.166;
11.915;10.313;23.067;
12.209;12.377;22.202;
10.962;10.49;22.073;
11.139;11.729;21.506;
12.597;13.673;21.805;
10.419;12.356;20.471;
11.879;14.306;20.762;
10.789;13.642;20.115;
16.11;12.618;22.36;
16.837;13.05;21.135;
18.085;12.278;20.838;
18.297;11.876;19.69;
17.191;14.531;21.196;
15.993;15.439;21.263;
16.464;16.888;21.522;
15.244;17.814;21.712;
14.571;18.114;20.415;
18.904;12.032;21.862;
20.127;11.216;21.715;
19.8;9.802;21.264;
20.486;9.257;20.406;
20.959;11.125;23.009;
21.603;12.448;23.42;
21.66;13.429;22.647;
22.007;12.515;24.585;
18.772;9.198;21.864;
18.305;7.851;21.444;
17.98;7.813;19.94;
18.452;6.957;19.195;
17.092;7.399;22.298;
17.163;8.756;19.509;
16.737;8.853;18.119;
17.907;9.054;17.126;
17.964;8.395;16.078;
15.635;9.94;17.974;
14.295;9.415;18.557;
15.474;10.365;16.485;
13.274;10.482;18.84;
18.847;9.93;17.474;
20.047;10.132;16.654;
20.937;8.896;16.574;
21.589;8.657;15.566;
20.816;11.368;17.114;
22.043;11.647;16.238;
22.267;13.124;15.933;
22.91;13.203;14.617;
22.368;13.74;13.524;
21.16;14.328;13.566;
23.068;13.723;12.392;
20.935;8.085;17.619;
21.71;6.849;17.673;
21.064;5.767;16.776;
21.729;5.056;15.994;
21.826;6.374;19.186;
22.594;7.328;19.93;
22.484;4.994;19.313;
19.752;5.662;16.885;
19.01;4.69;16.132;
18.859;5.038;14.645;
18.864;4.157;13.797;
17.593;4.557;16.751;
17.708;3.955;18.17;
16.706;3.688;15.863;
16.357;4.196;19.034;
18.661;6.305;14.319;
18.433;6.636;12.91;
19.148;7.929;12.569;
18.51;8.945;12.285;
16.923;6.678;12.614;
16.482;6.403;11.171;
16.857;4.98;10.764;
14.969;6.602;11.022;
20.498;7.907;12.622;
21.262;9.146;12.393;
20.971;9.795;11.032;
20.98;11.03;10.913;
22.725;8.697;12.48;
22.751;7.248;12.526;
21.367;6.738;12.873;
20.663;8.978;10.019;
20.432;9.53;8.657;
19.116;10.263;8.506;
18.939;10.983;7.532;
20.578;8.452;7.562;
19.629;7.402;7.738;
18.193;10.101;9.465;
16.888;10.765;9.417;
16.345;11.075;10.821;
15.15;10.911;11.09;
15.882;9.901;8.665;
17.224;11.553;11.692;
16.889;11.795;13.083;
15.811;12.85;13.294;
14.909;12.638;14.086;
18.149;12.129;13.889;
15.875;13.976;12.585;
14.817;14.997;12.712;
13.459;14.495;12.272;
12.436;14.833;12.878;
15.178;16.302;11.95;
16.31;17.097;12.622;
16.657;18.437;11.884;
15.897;18.873;10.972;
17.713;19.039;12.219;
13.444;13.684;11.207;
12.179;13.063;10.769;
11.613;12.059;11.761;
10.424;12.022;11.969;
12.364;12.398;9.41;
12.666;13.508;8.338;
14.131;13.987;8.295;
15.043;13.375;8.889;
14.389;15.021;7.639;
12.474;11.257;12.381;
11.989;10.328;13.416;
11.561;11.099;14.685;
10.593;10.746;15.361;
13.06;9.257;13.688;
12.737;8.224;14.802;
11.378;7.5;14.52;
13.887;7.225;14.927;
12.28;12.176;15.035;
11.804;12.994;16.148;
10.396;13.531;15.896;
9.539;13.47;16.762;
12.715;14.186;16.345;
13.858;13.919;17.253;
14.572;15.203;17.603;
13.871;16.213;17.736;
15.805;15.164;17.761;
10.172;14.1;14.702;
8.828;14.556;14.3;
7.746;13.459;14.437;
6.709;13.656;15.087;
8.854;15.092;12.855;
7.251;15.681;12.319;
7.992;12.286;13.859;
7.036;11.171;13.94;
6.842;10.756;15.414;
5.71;10.638;15.911;
7.565;9.997;13.104;
6.672;8.795;13.097;
5.433;8.831;12.468;
7.064;7.631;13.728;
4.611;7.714;12.454;
6.208;6.513;13.755;
5.004;6.568;13.105;
7.936;10.615;16.146;
7.81;10.164;17.553;
7.106;11.172;18.468;
6.363;10.763;19.363;
9.171;9.797;18.128;
7.345;12.475;18.252;
6.695;13.545;19.079;
5.179;13.413;19.052;
4.493;13.731;20.041;
7.058;14.923;18.52;
6.326;16.12;19.137;
6.786;16.305;20.877;
8.499;16.758;20.738;
4.656;12.944;17.923;
3.2;12.826;17.705;
2.668;11.376;17.814;
1.555;11.097;17.404;
2.826;13.472;16.352;
3.364;14.866;16.215;
3.022;15.87;17.094;
4.245;15.413;15.339;
3.655;16.983;16.756;
4.412;16.733;15.701;
3.491;10.475;18.324;
3.126;9.061;18.533;
3.642;8.644;19.903;
4.595;7.884;20.006;
3.741;8.202;17.434;
2.961;8.306;16.136;
1.92;7.649;15.969;
3.441;9.15;15.223;
3.011;9.195;20.93;
3.497;9.227;22.321;
2.443;8.729;23.295;
2.718;7.968;24.247;
3.783;10.709;22.688;
5.127;10.896;22.512;
1.22;9.193;23.084;
0.108;8.871;24;
-0.504;7.505;23.677;
-0.352;6.962;22.556;
-0.931;10.03;24.009;
-1.987;9.903;25.111;
-1.759;9.212;26.15;
-3.063;10.523;24.941;
-1.186;6.947;24.671;
-1.782;5.631;24.601;
-3.26;5.705;24.216;
-3.875;4.697;23.834;
-1.682;4.969;25.99;
-0.314;4.435;26.425;
0.61;5.546;26.922;
-0.506;3.381;27.481;
-3.835;6.899;24.344;
-5.294;7.042;24.248;
-5.935;6.455;25.496;
-5.244;5.815;26.319;
-7.251;6.684;25.678;
-7.927;6.174;26.873;
-7.801;4.657;26.946;
-7.926;3.973;25.935;
-9.403;6.55;26.645;
-9.361;7.75;25.713;
-8.165;7.453;24.799;
-7.547;4.126;28.127;
-7.323;2.681;28.261;
-7.702;2.243;29.669;
-7.751;3.073;30.601;
-5.849;2.291;27.921;
-4.862;2.937;28.846;
-4.664;2.468;29.962;
-4.259;4.057;28.412;
-7.923;0.945;29.812;
-8.282;0.318;31.073;
-7.274;0.429;32.209;
-7.633;0.153;33.36;
-6.026;0.837;31.924;
-5.041;1.077;32.993;
-4.917;2.535;33.449;
-4.127;2.818;34.353;
-3.649;0.532;32.608;
-3.633;-0.946;32.376;
-4.086;-1.847;33.322;
-3.24;-1.682;31.311;
-3.97;-3.071;32.842;
-3.451;-2.997;31.628;
-5.656;3.449;32.81;
-5.602;4.894;33.137;
-4.222;5.524;32.884;
-3.904;6.584;33.456;
-3.398;4.911;32.019;
-2.043;5.433;31.809;
-1.97;6.228;30.51;
-2.419;5.748;29.456;
-1.034;4.304;31.802;
0.443;4.736;31.865;
1.036;5.065;33.076;
1.231;4.784;30.705;
2.361;5.385;33.155;
2.582;5.115;30.78;
3.131;5.409;32.001;
4.463;5.721;32.091;
-1.465;7.457;30.615;
-1.378;8.383;29.49;
0.016;8.989;29.446;
0.766;8.939;30.434;
-2.448;9.499;29.636;
-3.934;8.976;29.666;
-4.322;8.25;28.386;
-4.437;9.198;27.266;
-5.556;9.875;26.982;
-6.64;9.711;27.718;
-5.581;10.739;25.985;
0.371;9.546;28.307;
1.651;10.232;28.123;
1.328;11.519;27.365;
0.327;11.585;26.621;
2.647;9.381;27.305;
3.084;8.009;27.904;
4.13;8.219;29.045;
3.535;8.554;30.367;
4.27;8.731;31.476;
3.705;9.031;32.653;
5.59;8.574;31.415;
2.14;12.544;27.578;
2.022;13.786;26.822;
2.367;13.499;25.361;
3.073;12.541;25.084;
3.01;14.825;27.359;
2.789;15.179;28.822;
3.699;16.313;29.281;
4.928;16.274;28.98;
3.19;17.235;29.953;
1.888;14.348;24.454;
2.084;14.165;23.004;
1.925;15.524;22.315;
1.081;16.297;22.723;
1.056;13.161;22.473;
1.224;12.815;20.978;
0.192;11.838;20.518;
-0.863;12.251;19.995;
0.41;10.639;20.734;
2.756;15.838;21.317;
2.499;17.037;20.457;
2.513;18.36;21.252;
1.775;19.295;20.917;
1.127;16.909;19.785;
1.059;15.771;18.917;
3.331;18.447;22.303;
3.316;19.666;23.148;
3.889;20.905;22.475;
3.553;22.005;22.876;
4.035;19.442;24.48;
3.432;18.319;25.305;
4.722;17.066;25.355;
4.72;16.341;23.741;
4.746;20.721;21.479;
5.281;21.808;20.647;
4.213;22.61;19.9;
4.363;23.821;19.684;
6.316;21.261;19.647;
5.8;20.049;18.828;
4.831;19.36;19.253;
6.381;19.787;17.745;
3.128;21.951;19.514;
2.088;22.607;18.728;
0.815;22.801;19.507;
-0.094;23.489;19.061;
1.827;21.837;17.433;
1.316;20.421;17.702;
3.14;21.713;16.688;
-0.113;20.308;18.055;
0.743;22.196;20.682;
-0.437;22.341;21.502;
-0.807;23.825;21.779;
-1.999;24.154;21.723;
-0.348;21.498;22.783;
-1.711;21.055;23.334;
-2.353;22.123;24.219;
-1.641;22.922;24.834;
-3.699;22.141;24.293;
0.192;24.721;22.061;
-0.164;26.155;22.188;
-0.888;26.717;20.958;
-1.965;27.269;21.098;
1.187;26.857;22.377;
2.081;25.794;22.967;
1.615;24.484;22.364;
-0.293;26.56;19.773;
-0.873;27.057;18.525;
-2.252;26.471;18.316;
-3.183;27.199;17.96;
0.03;26.727;17.351;
-2.382;25.161;18.567;
-3.642;24.429;18.394;
-4.77;25.008;19.209;
-5.856;25.284;18.683;
-3.47;22.94;18.711;
-4.522;25.174;20.502;
-5.526;25.729;21.395;
-5.827;27.226;21.133;
-6.984;27.621;21.178;
-5.16;25.463;22.873;
-6.396;25.508;23.802;
-7.666;24.944;23.124;
-7.783;23.682;23.035;
-8.531;25.762;22.671;
-4.79;28.027;20.842;
-4.943;29.477;20.559;
-5.663;29.71;19.227;
-6.5;30.629;19.112;
-3.583;30.212;20.526;
-2.833;30.28;21.842;
-1.373;30.74;21.635;
-0.587;30.564;22.866;
0.54;31.225;23.195;
1.073;32.148;22.399;
1.137;30.958;24.349;
-5.328;28.891;18.223;
-6.067;28.919;16.95;
-7.52;28.505;17.138;
-8.432;29.256;16.75;
-5.439;28.067;15.827;
-6.425;27.731;14.717;
-6.622;28.603;13.65;
-7.182;26.562;14.768;
-7.576;28.305;12.645;
-8.111;26.247;13.778;
-8.304;27.121;12.708;
-7.748;27.321;17.696;
-9.115;26.79;17.737;
-10.075;27.603;18.603;
-11.291;27.6;18.347;
-9.147;25.327;18.18;
-10.452;24.52;18.002;
-10.943;24.523;16.542;
-10.262;23.096;18.469;
-9.558;28.249;19.653;
-10.433;29.028;20.555;
-10.918;30.276;19.828;
-12.125;30.548;19.773;
-9.722;29.402;21.858;
-10.639;30.077;22.882;
-9.891;30.544;24.125;
-9.11;31.854;23.901;
-7.655;31.622;23.601;
-9.96;31.007;19.26;
-10.246;32.171;18.448;
-11.24;31.794;17.375;
-12.325;32.382;17.292;
-8.981;32.707;17.829;
-10.878;30.784;16.582;
-11.681;30.357;15.432;
-13.142;30.039;15.744;
-14.032;30.563;15.071;
-11.016;29.207;14.649;
-11.74;28.849;13.384;
-11.749;29.725;12.3;
-12.431;27.652;13.279;
-12.428;29.407;11.128;
-13.108;27.326;12.101;
-13.103;28.213;11.028;
-13.391;29.186;16.737;
-14.771;28.848;17.11;
-15.494;30.049;17.767;
-15.001;30.563;18.834;
-14.821;27.606;18.016;
-16.256;27.13;18.326;
-16.351;25.6;18.47;
-15.772;25.09;19.798;
-15.49;23.612;19.755;
-7.921;34.718;14.571;
-6.788;33.914;15.014;
-5.451;34.519;14.558;
-5.378;35.197;13.523;
-6.946;32.449;14.557;
-7.143;32.256;13.06;
-6.072;32.379;12.179;
-8.391;31.948;12.535;
-6.235;32.209;10.814;
-8.567;31.775;11.156;
-7.479;31.907;10.31;
-7.611;31.742;8.949;
-4.41;34.297;15.355;
-3.069;34.8;15.069;
-2.566;34.066;13.824;
-2.644;32.833;13.744;
-2.155;34.532;16.276;
-0.891;35.425;16.319;
-0.302;35.777;15.272;
-0.46;35.748;17.446;
-2.083;34.816;12.837;
-1.477;34.168;11.678;
-0.288;33.286;12.096;
-0.07;32.251;11.49;
-1.087;35.159;10.564;
-2.263;35.652;9.65;
-3.379;34.599;9.375;
-3.082;33.591;8.218;
-4.38;32.955;7.699;
0.452;33.684;13.131;
1.583;32.893;13.619;
1.156;31.481;14.078;
1.967;30.536;14.016;
2.314;33.627;14.736;
-0.1;31.364;14.533;
-0.673;30.112;15.033;
-1.167;29.216;13.884;
-0.981;27.99;13.895;
-1.835;30.399;15.979;
-1.385;30.835;17.367;
-0.182;30.728;17.718;
-2.271;31.275;18.131;
-1.835;29.843;12.914;
-2.153;29.208;11.638;
-0.881;28.734;10.937;
-0.857;27.616;10.443;
-2.934;30.189;10.758;
-3.63;29.56;9.581;
-4.939;29.117;9.687;
-2.993;29.457;8.357;
-5.605;28.579;8.588;
-3.65;28.898;7.253;
-4.958;28.467;7.381;
0.169;29.559;10.908;
1.437;29.178;10.266;
2.103;27.998;10.968;
2.751;27.176;10.322;
2.471;30.329;10.213;
1.95;31.749;9.938;
1.694;32.075;8.483;
1.659;31.145;7.636;
1.519;33.286;8.194;
1.971;27.944;12.293;
2.54;26.854;13.086;
1.834;25.564;12.697;
2.486;24.557;12.492;
2.433;27.091;14.614;
3.242;28.22;14.979;
2.93;25.844;15.411;
0.51;25.614;12.596;
-0.281;24.446;12.213;
0.062;23.941;10.806;
0.239;22.738;10.582;
-1.775;24.739;12.372;
-2.174;24.991;13.843;
-3.652;25.278;13.949;
-1.84;23.816;14.714;
0.187;24.886;9.882;
0.568;24.664;8.499;
1.97;24.058;8.426;
2.169;23.02;7.767;
0.538;26.04;7.79;
0.123;26.059;6.363;
-0.447;27.437;5.928;
-1.461;27.503;5.204;
0.19;28.529;6.391;
2.923;24.686;9.131;
4.305;24.219;9.224;
4.339;22.793;9.748;
5.078;21.967;9.228;
5.147;25.107;10.173;
6.495;24.51;10.574;
7.582;24.561;9.698;
6.688;23.897;11.821;
8.809;24.014;10.026;
7.941;23.332;12.164;
8.988;23.403;11.25;
10.238;22.89;11.523;
3.534;22.532;10.774;
3.484;21.217;11.405;
2.988;20.151;10.436;
3.599;19.108;10.334;
2.583;21.203;12.625;
3.115;22.11;13.592;
2.569;19.784;13.255;
1.887;20.414;9.739;
1.421;19.461;8.72;
2.444;19.216;7.601;
2.676;18.076;7.193;
0.036;19.827;8.181;
-1.025;19.928;9.248;
-1.056;19.027;10.322;
-2.003;20.912;9.182;
-2.067;19.11;11.308;
-3.006;21.007;10.168;
-3.032;20.124;11.229;
3.069;20.281;7.111;
4.107;20.179;6.09;
5.282;19.309;6.535;
5.745;18.432;5.803;
4.618;21.579;5.755;
5.43;21.601;4.516;
5.707;23;3.958;
5.646;24.019;4.692;
6.035;23.056;2.764;
5.782;19.568;7.743;
6.851;18.771;8.331;
6.495;17.27;8.546;
7.351;16.386;8.303;
7.273;19.447;9.652;
8.531;18.957;10.223;
9.727;19.354;9.4;
10.871;18.569;9.841;
11.691;17.89;9.046;
11.535;17.891;7.729;
12.704;17.236;9.583;
5.265;16.994;8.998;
4.78;15.631;9.167;
4.822;14.872;7.841;
5.186;13.705;7.826;
3.345;15.593;9.714;
3.204;15.943;11.217;
1.485;16.246;11.611;
0.722;14.632;11.78;
4.429;15.525;6.74;
4.472;14.888;5.412;
5.922;14.619;4.955;
6.218;13.538;4.478;
3.719;15.714;4.344;
2.225;15.853;4.582;
1.417;16.276;3.326;
2.127;17.299;2.42;
1.163;17.885;1.434;
6.8;15.612;5.089;
8.217;15.418;4.78;
8.728;14.231;5.585;
9.373;13.348;5.037;
9.036;16.667;5.125;
8.8;17.913;4.251;
9.335;19.185;4.921;
8.843;20.296;4.604;
10.235;19.06;5.78;
8.427;14.213;6.889;
9.006;13.187;7.774;
8.523;11.803;7.387;
9.313;10.876;7.311;
8.703;13.506;9.255;
9.267;14.8;9.575;
7.217;11.676;7.125;
6.6;10.405;6.701;
7.215;9.819;5.414;
7.579;8.636;5.358;
5.094;10.59;6.553;
7.368;10.647;4.386;
7.895;10.172;3.107;
9.375;9.813;3.179;
9.763;8.846;2.569;
7.66;11.213;2.004;
6.189;11.292;1.599;
5.538;10.221;1.649;
5.667;12.407;1.279;
10.177;10.584;3.932;
11.613;10.266;4.152;
11.784;8.977;4.977;
12.604;8.121;4.612;
12.373;11.462;4.794;
12.415;12.629;3.809;
13.802;11.067;5.302;
12.803;13.961;4.433;
10.987;8.825;6.041;
10.998;7.584;6.844;
10.603;6.33;6.046;
11.309;5.322;6.087;
10.101;7.717;8.089;
10.639;8.604;9.246;
9.521;8.645;10.29;
11.939;8.048;9.848;
9.495;6.397;5.32;
9.082;5.283;4.453;
10.235;4.712;3.602;
10.333;3.494;3.435;
7.94;5.709;3.511;
6.518;5.747;4.087;
5.537;6.24;3.017;
6.08;4.384;4.688;
11.065;5.589;3.04;
12.112;5.159;2.085;
13.499;4.98;2.724;
14.5;4.728;2.028;
12.196;6.15;0.898;
10.9;6.236;0.069;
10.592;4.644;-0.739;
9.241;4.031;0.214;
13.571;5.108;4.043;
14.883;5.044;4.704;
15.353;3.619;4.79;
14.576;2.729;5.114;
14.812;5.629;6.11;
16.161;5.588;6.818;
16.594;4.536;7.322;
16.819;6.718;6.857;
16.636;3.398;4.526;
17.17;2.038;4.466;
18.276;1.825;5.474;
18.896;0.779;5.491;
17.741;1.695;3.075;
18.682;2.7;2.719;
16.638;1.691;2.015;
18.505;2.8;6.335;
19.53;2.642;7.344;
19.096;1.657;8.421;
19.902;0.907;8.92;
19.896;3.989;7.958;
20.907;3.895;9.082;
21.408;5.253;9.498;
20.567;6.093;9.895;
22.64;5.49;9.381;
17.819;1.674;8.798;
17.325;0.693;9.749;
16.027;0.138;9.167;
14.946;0.583;9.513;
17.117;1.346;11.134;
16.82;0.33;12.256;
16.297;-0.757;12.024;
17.161;0.701;13.478;
16.141;-0.845;8.272;
14.967;-1.41;7.629;
13.981;-2.06;8.621;
12.798;-1.861;8.487;
15.36;-2.387;6.492;
16.195;-1.717;5.373;
16.451;-2.642;4.184;
17.873;-2.395;3.607;
18.215;-3.31;2.462;
14.464;-2.842;9.61;
13.471;-3.422;10.509;
12.647;-2.382;11.261;
11.456;-2.617;11.475;
14.309;-4.252;11.489;
15.621;-4.496;10.714;
15.829;-3.261;9.974;
13.257;-1.259;11.635;
12.512;-0.189;12.273;
11.383;0.313;11.357;
10.251;0.418;11.764;
13.434;0.979;12.57;
12.702;2.236;13.074;
12.055;1.969;14.434;
13.749;3.321;13.183;
11.729;0.583;10.106;
10.773;1.098;9.116;
9.671;0.115;8.85;
8.479;0.511;8.763;
11.491;1.522;7.79;
12.585;2.54;8.096;
10.474;2.075;6.778;
12.156;3.765;8.962;
10.027;-1.162;8.756;
9.011;-2.21;8.63;
8.023;-2.205;9.825;
6.805;-2.294;9.646;
9.628;-3.609;8.487;
8.523;-4.666;8.573;
10.404;-3.751;7.127;
8.546;-2.118;11.047;
7.669;-1.964;12.219;
6.655;-0.819;12.096;
5.45;-0.983;12.362;
8.515;-1.734;13.494;
9.306;-2.995;13.93;
10.22;-2.735;15.12;
10.087;-1.668;15.792;
11.086;-3.584;15.36;
7.155;0.356;11.744;
6.343;1.569;11.879;
5.562;1.948;10.624;
4.711;2.839;10.69;
7.18;2.794;12.336;
8.198;3.217;11.239;
7.874;2.466;13.678;
8.953;4.459;11.552;
5.845;1.269;9.5;
5.298;1.696;8.198;
3.778;1.959;8.208;
3.327;3.012;7.715;
5.742;0.722;7.054;
7.07;1.095;6.706;
4.85;0.88;5.818;
2.981;1.049;8.793;
1.518;1.342;8.764;
1.113;2.653;9.47;
0.241;3.388;8.977;
0.889;0.141;9.492;
1.945;-0.916;9.514;
3.277;-0.207;9.507;
1.748;2.925;10.612;
1.548;4.178;11.355;
2.091;5.376;10.587;
1.504;6.448;10.64;
2.198;4.092;12.745;
1.41;3.213;13.699;
0.434;3.618;14.568;
1.504;1.779;13.839;
-0.059;2.535;15.265;
0.573;1.393;14.83;
2.299;0.797;13.241;
0.414;0.052;15.24;
2.151;-0.546;13.665;
1.217;-0.9;14.637;
3.192;5.194;9.849;
3.707;6.276;9.013;
2.706;6.662;7.921;
2.51;7.848;7.707;
5.107;5.952;8.381;
5.558;7.062;7.464;
6.173;5.765;9.495;
2.109;5.677;7.23;
1.053;5.941;6.248;
-0.129;6.712;6.873;
-0.637;7.689;6.323;
0.54;4.62;5.625;
1.508;3.959;4.677;
2.029;4.599;3.578;
1.976;2.686;4.623;
2.82;3.772;2.911;
2.784;2.593;3.51;
-0.576;6.257;8.028;
-1.706;6.886;8.728;
-1.36;8.308;9.171;
-2.203;9.18;9.138;
-2.044;6.04;9.953;
-3.444;6.289;10.586;
-4.572;5.74;9.725;
-4.645;6.05;8.542;
-5.477;4.937;10.32;
-0.108;8.519;9.594;
0.425;9.813;10.034;
0.459;10.781;8.841;
0.133;11.939;8.972;
1.85;9.522;10.535;
2.597;10.68;11.093;
2.363;11.118;12.391;
3.626;11.271;10.356;
3.108;12.137;12.933;
4.399;12.312;10.9;
4.128;12.742;12.2;
0.871;10.287;7.677;
0.867;11.118;6.463;
-0.547;11.592;6.067;
-0.723;12.74;5.72;
1.52;10.41;5.272;
1.549;11.378;4.072;
2.169;10.828;2.828;
2.109;11.898;1.723;
2.967;11.457;0.585;
-1.518;10.686;6.118;
-2.948;10.953;5.863;
-3.512;11.98;6.826;
-4.243;12.912;6.419;
-3.762;9.65;5.968;
-3.601;8.67;4.804;
-4.36;7.397;5.068;
-4.092;9.346;3.487;
-3.15;11.821;8.099;
-3.453;12.828;9.114;
-2.954;14.225;8.711;
-3.713;15.181;8.766;
-2.931;12.436;10.524;
-3.4;11.128;10.878;
-3.46;13.411;11.567;
-1.687;14.36;8.378;
-1.147;15.644;7.973;
-1.887;16.191;6.717;
-2.222;17.356;6.674;
0.359;15.531;7.721;
-2.146;15.346;5.713;
-2.903;15.785;4.504;
-4.293;16.292;4.813;
-4.711;17.285;4.257;
-3.021;14.663;3.464;
-1.685;14.231;2.944;
-1.839;13.243;1.8;
-1.902;12.036;2.065;
-1.902;13.688;0.635;
-4.99;15.59;5.702;
-6.293;15.989;6.162;
-6.24;17.353;6.868;
-7.057;18.218;6.575;
-6.894;14.917;7.066;
-8.37;15.17;7.385;
-9.073;13.902;8.443;
-8.85;12.5;7.432;
-5.287;17.529;7.789;
-5.026;18.838;8.438;
-4.903;19.964;7.426;
-5.61;20.988;7.527;
-4.022;19.769;6.446;
-3.819;20.742;5.36;
-5.083;21.132;4.621;
-5.247;22.31;4.304;
-2.788;20.235;4.359;
-1.398;20.305;4.918;
-0.343;19.959;3.923;
-0.663;19.244;2.927;
0.811;20.403;4.142;
-5.926;20.139;4.298;
-7.186;20.363;3.585;
-8.21;21.066;4.467;
-8.993;21.869;3.967;
-7.785;19.067;3.022;
-6.88;18.38;2.011;
-6.626;19.229;0.787;
-7.494;19.245;-0.106;
-5.55;19.846;0.693;
-8.204;20.758;5.766;
-9.056;21.49;6.729;
-8.659;22.955;6.864;
-9.529;23.829;6.893;
-9.17;20.766;8.111;
-9.947;21.608;9.142;
-9.874;19.448;7.922;
-7.36;23.235;6.917;
-6.885;24.612;6.94;
-7.179;25.368;5.639;
-7.291;26.591;5.658;
-5.391;24.676;7.212;
-4.913;24.115;8.569;
-3.426;24.333;8.657;
-5.65;24.745;9.749;
-7.265;24.654;4.525;
-7.737;25.261;3.257;
-9.228;25.629;3.289;
-9.627;26.652;2.725;
-7.41;24.355;2.052;
-5.94;24.302;1.732;
-5.648;23.318;0.633;
-4.138;23.113;0.442;
-3.864;21.92;-0.445;
-10.035;24.796;3.945;
-11.435;25.091;4.218;
-11.632;26.348;5.087;
-12.581;27.107;4.875;
-12.129;23.897;4.892;
-12.448;22.714;3.963;
-12.921;21.187;4.768;
-14.67;21.457;5.139;
-10.744;26.54;6.068;
-10.733;27.721;6.937;
-10.467;28.983;6.119;
-11.199;29.965;6.223;
-9.651;27.589;8.048;
-9.475;28.903;8.808;
-10.004;26.447;9.006;
-9.399;28.934;5.329;
-9.048;29.976;4.378;
-10.024;30;3.195;
-9.866;30.824;2.296;
-7.629;29.75;3.853;
-6.523;30.237;4.758;
-5.154;30.176;4.096;
-4.329;31.082;4.383;
-4.9;29.228;3.299;
-11.019;29.1;3.221;
-12.012;28.902;2.157;
-12.398;30.153;1.393;
-13.048;31.05;1.93;
-11.987;30.197;0.129;
-12.128;31.383;-0.711;
-13.518;31.508;-1.357;
-14.148;32.578;-1.281;
-11.001;31.422;-1.751;
-10.723;30.096;-2.433;
-9.326;30.045;-3.029;
-8.327;29.621;-2.045;
-7.128;29.129;-2.353;
-6.766;28.99;-3.629;
-6.285;28.771;-1.387;
-13.985;30.424;-1.984;
-15.321;30.371;-2.58;
-16.05;29.081;-2.252;
-15.476;28.182;-1.637;
-15.274;30.596;-4.091;
-14.594;29.478;-4.832;
-15.239;28.515;-5.257;
-13.284;29.591;-4.998;
-17.314;28.987;-2.662;
-18.156;27.847;-2.295;
-17.746;26.553;-3.004;
-17.811;25.466;-2.4;
-19.643;28.16;-2.525;
-20.59;26.958;-2.385;
-22.069;27.293;-2.63;
-22.373;28.435;-3.04;
-22.934;26.406;-2.409;
-17.327;26.657;-4.267;
-16.958;25.467;-5.024;
-15.635;24.876;-4.517;
-15.552;23.663;-4.335;
-16.895;25.742;-6.525;
-15.641;26.311;-6.88;
-14.631;25.738;-4.31;
-13.377;25.378;-3.643;
-13.625;24.743;-2.28;
-13.096;23.67;-2;
-12.45;26.585;-3.484;
-11.066;26.222;-2.973;
-10.079;25.787;-3.849;
-10.741;26.323;-1.61;
-8.809;25.452;-3.401;
-9.463;25.992;-1.151;
-8.512;25.56;-2.055;
-7.26;25.206;-1.65;
-14.431;25.38;-1.436;
-14.763;24.778;-0.142;
-15.359;23.375;-0.298;
-15.073;22.459;0.504;
-15.704;25.674;0.654;
-16.097;25.111;1.989;
-15.493;25.576;3.156;
-17.08;24.147;2.086;
-15.862;25.075;4.382;
-17.456;23.643;3.324;
-16.836;24.12;4.475;
-16.187;23.189;-1.325;
-16.799;21.881;-1.519;
-15.814;20.828;-2.038;
-15.963;19.645;-1.739;
-18.051;21.956;-2.396;
-19.282;22.652;-1.76;
-20.421;22.817;-2.798;
-19.782;21.975;-0.495;
-14.829;21.254;-2.818;
-13.753;20.351;-3.256;
-12.898;19.879;-2.06;
-12.592;18.681;-1.915;
-12.86;21.07;-4.242;
-13.435;21.1;-5.661;
-12.595;21.978;-6.543;
-11.177;21.768;-6.339;
-10.258;22.708;-6.496;
-10.607;23.941;-6.865;
-8.998;22.428;-6.265;
-12.533;20.835;-1.21;
-11.786;20.522;0.024;
-12.537;19.565;0.927;
-11.954;18.603;1.464;
-11.44;21.804;0.766;
-10.571;22.748;-0.027;
-9.212;22.165;-0.403;
-9.196;21.599;-1.841;
-7.788;21.222;-2.202;
-13.831;19.83;1.083;
-14.718;19.017;1.888;
-14.776;17.578;1.395;
-14.782;16.622;2.206;
-16.133;19.612;1.877;
-17.152;18.75;2.571;
-17.347;18.865;3.944;
-17.921;17.806;1.855;
-18.273;18.086;4.602;
-18.862;17.006;2.514;
-19.022;17.171;3.897;
-19.93;16.415;4.602;
-14.866;17.398;0.078;
-14.921;16.051;-0.464;
-13.569;15.363;-0.321;
-13.516;14.157;-0.115;
-15.33;16.065;-1.944;
-16.813;16.286;-2.155;
-17.205;16.83;-3.194;
-17.651;15.847;-1.205;
-12.479;16.119;-0.479;
-11.151;15.56;-0.28;
-10.965;15.066;1.184;
-10.526;13.951;1.418;
-10.062;16.568;-0.686;
-8.72;15.954;-0.863;
-7.587;16.696;-1.143;
-8.316;14.663;-0.785;
-6.548;15.885;-1.248;
-6.957;14.65;-0.992;
-11.331;15.897;2.155;
-11.297;15.483;3.549;
-12.066;14.189;3.751;
-11.57;13.252;4.402;
-11.814;16.599;4.476;
-12.018;16.06;5.928;
-10.869;17.794;4.425;
-13.265;14.082;3.189;
-14.051;12.846;3.36;
-13.332;11.604;2.795;
-13.332;10.516;3.406;
-15.442;12.985;2.715;
-16.309;14.123;3.293;
-16.61;13.932;4.744;
-17.689;12.868;4.954;
-18.052;12.759;6.419;
-12.71;11.777;1.629;
-11.925;10.702;0.982;
-10.763;10.284;1.87;
-10.483;9.094;2.047;
-11.394;11.193;-0.394;
-10.065;11.282;2.399;
-8.945;11.046;3.304;
-9.383;10.3;4.592;
-8.67;9.378;5.032;
-8.233;12.376;3.602;
-7.425;13.022;2.457;
-7.041;14.481;2.779;
-6.177;12.191;2.129;
-10.532;10.675;5.173;
-11.158;9.941;6.317;
-11.385;8.483;5.956;
-11.051;7.588;6.729;
-12.532;10.501;6.721;
-12.576;11.919;7.294;
-14.016;12.386;7.652;
-15.011;11.719;7.312;
-14.12;13.528;8.353;
-11.946;8.243;4.768;
-12.183;6.888;4.3;
-10.91;6.065;4.217;
-10.921;4.884;4.596;
-12.88;6.89;2.935;
-14.36;7.311;2.999;
-14.964;7.495;1.595;
-15.314;8.624;1.18;
-15.063;6.388;0.846;
-9.825;6.679;3.733;
-8.545;5.968;3.614;
-7.948;5.634;4.959;
-7.338;4.598;5.123;
-7.522;6.805;2.876;
-7.798;6.918;1.399;
-6.676;7.653;0.637;
-5.486;7.343;0.774;
-7.084;8.61;-0.203;
-8.093;6.547;5.913;
-7.658;6.29;7.288;
-8.434;5.132;7.85;
-7.842;4.255;8.437;
-7.826;7.529;8.159;
-6.919;8.653;7.71;
-6.85;10.067;8.783;
-6.294;9.38;10.345;
-9.762;5.141;7.666;
-10.607;4;8.069;
-10.156;2.695;7.429;
-10.058;1.672;8.109;
-12.063;4.281;7.705;
-12.688;5.365;8.52;
-12.251;5.617;9.84;
-13.77;6.105;8.012;
-12.873;6.625;10.614;
-14.396;7.099;8.778;
-13.94;7.371;10.064;
-9.856;2.738;6.122;
-9.316;1.565;5.404;
-8.051;1.014;6.082;
-7.969;-0.192;6.365;
-9.008;1.905;3.937;
-8.339;0.802;3.146;
-9.094;-0.242;2.6;
-6.958;0.8;2.935;
-8.486;-1.281;1.867;
-6.334;-0.226;2.222;
-7.107;-1.262;1.684;
-6.494;-2.275;0.967;
-7.056;1.878;6.301;
-5.82;1.442;7.006;
-6.161;0.85;8.389;
-5.661;-0.216;8.74;
-4.74;2.562;7.066;
-4.259;2.912;5.635;
-3.526;2.17;7.995;
-3.361;4.072;5.582;
-7.035;1.514;9.139;
-7.416;1.06;10.5;
-8.125;-0.314;10.491;
-8.11;-1.054;11.496;
-8.348;2.097;11.144;
-8.557;1.856;12.636;
-7.559;1.73;13.374;
-9.731;1.772;13.085;
-8.758;-0.637;9.356;
-9.513;-1.878;9.192;
-8.741;-2.991;8.515;
-9.196;-4.148;8.536;
-10.803;-1.605;8.394;
-11.835;-0.788;9.137;
-12.387;-1.523;10.35;
-12.667;-2.723;10.297;
-12.538;-0.809;11.45;
-7.59;-2.669;7.907;
-6.823;-3.672;7.174;
-5.375;-3.961;7.653;
-4.871;-5.066;7.44;
-6.803;-3.357;5.647;
-6.165;-2.113;5.44;
-8.232;-3.261;5.087;
-4.724;-2.983;8.285;
-3.41;-3.179;8.908;
-3.519;-3.569;10.385;
-4.439;-3.138;11.085;
-2.578;-1.896;8.805;
-2.197;-1.657;7.457;
-2.58;-4.404;10.839;
-2.422;-4.736;12.248;
-3.759;-5.194;12.832;
-4.219;-4.667;13.856;
-1.848;-3.488;13.019;
-1.621;-3.757;14.499;
-1.266;-4.872;14.895;
-1.918;-2.76;15.339;
-4.393;-6.184;12.192;
-5.705;-6.635;12.623;
-5.582;-7.704;13.709;
-5.954;-8.863;13.507;
-6.52;-7.132;11.418;
-6.995;-6.003;10.498;
-7.828;-4.985;11.224;
-8.956;-5.278;11.675;
-7.288;-3.777;11.369;
-5.032;-7.319;14.849;
-4.876;-8.246;15.977;
-6.224;-8.404;16.676;
-7.112;-7.598;16.461;
-3.794;-7.722;16.924;
-4.197;-6.406;17.62;
-4.857;-6.427;18.655;
-3.798;-5.264;17.036;
-6.394;-9.451;17.494;
-7.65;-9.682;18.177;
-8.057;-8.653;19.224;
-9.19;-8.692;19.659;
-7.406;-11.029;18.888;
-6.319;-11.686;18.106;
-5.425;-10.537;17.768;
-7.157;-7.764;19.65;
-7.388;-7.057;20.884;
-7.679;-5.584;20.689;
-8.747;-5.121;21.081;
-6.252;-7.322;21.897;
-5.971;-8.811;22.043;
-6.83;-9.63;22.784;
-4.895;-9.401;21.383;
-6.589;-11.003;22.907;
-4.657;-10.773;21.47;
-5.51;-11.56;22.239;
-5.28;-12.913;22.323;
-6.729;-4.858;20.1;
-6.928;-3.453;19.704;
-6.516;-3.366;18.24;
-5.416;-2.915;17.934;
-6.088;-2.518;20.563;
-6.504;-2.509;22.057;
-5.799;-3.604;22.841;
-4.614;-3.822;22.642;
-6.523;-4.286;23.754;
-7.37;-3.865;17.33;
-6.993;-3.886;15.917;
-6.814;-2.484;15.316;
-7.469;-1.53;15.743;
-8.167;-4.607;15.252;
-9.293;-4.431;16.175;
-8.719;-4.42;17.555;
-5.902;-2.344;14.361;
-5.801;-1.08;13.639;
-4.561;-0.229;13.903;
-3.555;-0.707;14.478;
-4.688;1.052;13.536;
-3.552;1.978;13.406;
-4.058;3.376;13.75;
-4.801;4.004;12.956;
-2.999;2.002;11.968;
-1.786;2.958;11.854;
-2.602;0.59;11.522;
-3.707;3.826;14.951;
-4.016;5.179;15.425;
-2.716;5.973;15.601;
-1.722;5.443;16.104;
-4.743;5.12;16.778;
-5.84;4.018;16.95;
-7.01;4.247;15.995;
-8.239;3.392;16.33;
-8.05;1.891;16.023;
-2.762;7.268;15.279;
-1.564;8.091;15.306;
-1.967;9.525;15.619;
-3.104;9.925;15.289;
-0.814;8.001;13.93;
0.463;8.645;14.031;
-1.617;8.646;12.833;
-1.072;10.294;16.25;
-1.34;11.756;16.518;
-2.731;11.977;17.149;
-3.488;12.898;16.77;
-1.18;12.574;15.249;
-3.063;11.127;18.107;
-4.458;11.039;18.6;
-4.776;12.035;19.719;
-5.963;12.275;20.012;
-4.733;9.662;19.186;
-3.867;9.446;20.303;
-4.46;8.541;18.124;
-3.743;12.546;20.384;
-3.967;13.355;21.597;
-4.361;14.783;21.275;
-5.293;15.31;21.849;
-2.76;13.347;22.534;
-3.096;13.907;23.963;
-1.834;14.017;24.808;
-2.128;14.683;26.094;
-2.647;14.07;27.162;
-2.918;12.781;27.12;
-2.9;14.751;28.287;
-3.639;15.392;20.351;
-3.77;16.806;20.081;
-4.161;17.035;18.626;
-5.114;17.767;18.346;
-2.471;17.556;20.379;
-2.601;19.073;19.999;
-2.065;17.41;21.892;
-3.417;16.404;17.716;
-3.569;16.658;16.308;
-4.887;16.183;15.704;
-5.607;16.986;15.107;
-2.332;16.193;15.522;
-1.146;17.065;15.944;
-2.59;16.272;13.994;
0.175;16.682;15.337;
-5.218;14.903;15.835;
-6.453;14.423;15.232;
-7.679;15.173;15.785;
-8.557;15.567;15.01;
-6.624;12.91;15.365;
-7.654;12.319;14.415;
-7.444;12.926;12.99;
-8.179;12.127;11.909;
-9.65;11.923;12.195;
-7.764;15.351;17.121;
-8.869;16.143;17.633;
-8.915;17.591;17.108;
-10.008;18.087;16.875;
-8.644;16.097;19.149;
-7.994;14.77;19.369;
-6.988;14.764;18.224;
-7.776;18.263;16.928;
-7.788;19.619;16.373;
-8.359;19.631;14.939;
-9.207;20.457;14.595;
-6.4;20.242;16.393;
-6.148;21.453;15.481;
-6.677;22.734;16.138;
-4.691;21.602;15.156;
-7.889;18.702;14.101;
-8.398;18.578;12.736;
-9.896;18.22;12.748;
-10.688;18.872;12.075;
-7.62;17.509;11.959;
-6.139;17.889;11.879;
-8.313;17.248;10.558;
-5.229;16.755;11.316;
-10.293;17.204;13.507;
-11.702;16.824;13.574;
-12.597;18.003;14.024;
-13.649;18.274;13.411;
-11.914;15.608;14.487;
-11.479;14.28;13.849;
-11.076;14.269;12.65;
-11.536;13.229;14.552;
-12.159;18.728;15.056;
-12.935;19.859;15.582;
-12.979;21.069;14.647;
-14.033;21.689;14.507;
-12.481;20.252;16.993;
-12.816;19.183;18.042;
-11.999;19.368;19.319;
-12.237;18.295;20.296;
-11.408;18.01;21.302;
-10.272;18.703;21.466;
-11.698;17.017;22.133;
-11.853;21.406;14.028;
-11.781;22.482;13.056;
-12.673;22.179;11.836;
-13.332;23.073;11.299;
-10.325;22.764;12.656;
-9.569;23.043;13.836;
-10.188;23.991;11.704;
-12.731;20.92;11.422;
-13.553;20.531;10.278;
-15.031;20.745;10.601;
-15.762;21.337;9.804;
-13.275;19.071;9.947;
-14.138;18.487;8.857;
-13.837;18.708;7.509;
-15.196;17.65;9.177;
-14.623;18.121;6.494;
-15.979;17.063;8.189;
-15.693;17.297;6.836;
-15.474;20.231;11.751;
-16.859;20.432;12.195;
-17.224;21.928;12.341;
-18.286;22.361;11.872;
-17.126;19.652;13.484;
-16.33;22.714;12.95;
-16.494;24.165;13.083;
-16.626;24.908;11.724;
-17.55;25.717;11.567;
-15.378;24.812;13.944;
-15.324;24.176;15.227;
-15.661;26.295;14.163;
-15.74;24.638;10.751;
-15.809;25.329;9.455;
-17.078;24.949;8.687;
-17.649;25.778;7.968;
-14.576;25.097;8.536;
-13.277;25.368;9.271;
-14.557;23.688;7.995;
-17.511;23.701;8.849;
-18.705;23.187;8.182;
-19.99;23.847;8.74;
-20.802;24.38;7.979;
-18.76;21.646;8.239;
-20.096;21.141;7.775;
-17.639;21.025;7.36;
-20.158;23.796;10.064;
-21.123;24.611;10.805;
-21.192;26.014;10.187;
-22.244;26.436;9.71;
-20.672;24.652;12.284;
-21.466;25.525;13.275;
-20.624;25.798;14.549;
-21.474;25.927;15.836;
-21.774;24.608;16.525;
-20.048;26.701;10.163;
-19.903;28.055;9.63;
-20.382;28.183;8.174;
-21.002;29.196;7.805;
-18.44;28.517;9.736;
-17.985;28.884;11.144;
-18.729;28.534;12.269;
-16.772;29.551;11.33;
-18.289;28.874;13.556;
-16.321;29.896;12.609;
-17.078;29.56;13.719;
-20.087;27.164;7.361;
-20.558;27.069;5.969;
-22.084;26.873;5.898;
-22.767;27.626;5.204;
-19.805;25.948;5.242;
-20.25;25.706;3.822;
-19.584;26.306;2.762;
-21.317;24.85;3.546;
-19.974;26.06;1.441;
-21.725;24.608;2.236;
-21.042;25.206;1.176;
-22.618;25.889;6.619;
-24.076;25.707;6.709;
-24.878;26.927;7.212;
-25.994;27.164;6.759;
-24.411;24.491;7.562;
-23.934;23.201;6.941;
-23.651;23.138;5.74;
-23.851;22.149;7.759;
-24.318;27.686;8.151;
-24.95;28.933;8.601;
-25.034;29.914;7.431;
-26.097;30.471;7.143;
-24.163;29.572;9.766;
-24.3;28.856;11.116;
-23.227;29.266;12.139;
-22.521;30.275;11.968;
-23.113;28.484;13.217;
-23.893;30.088;6.768;
-23.691;31.02;5.67;
-24.616;30.785;4.469;
-25.229;31.74;3.979;
-22.218;30.973;5.237;
-21.77;32.077;4.287;
-20.249;32.229;4.283;
-19.816;33.42;3.428;
-18.373;33.81;3.598;
-24.71;29.528;4.017;
-25.413;29.143;2.775;
-26.678;28.336;3.011;
-27.151;27.651;2.099;
-24.511;28.276;1.887;
-23.266;28.947;1.447;
-23.218;29.606;0.23;
-22.128;28.913;2.237;
-22.052;30.233;-0.188;
-20.962;29.539;1.834;
-20.919;30.195;0.62;
-27.212;28.39;4.228;
-28.38;27.576;4.607;
-28.268;26.14;4.055;
-29.242;25.577;3.534;
-29.716;28.244;4.171;
-29.769;29.756;4.465;
-29.655;30.194;5.618;
-29.963;30.556;3.411;
-27.07;25.559;4.153;
-26.822;24.204;3.644;
-26.841;23.138;4.752;
-26.906;23.464;5.948;
-25.516;24.155;2.845;
-26.808;21.868;4.347;
-26.844;20.757;5.299;
-25.79;19.679;4.988;
-26.106;18.488;4.881;
-28.262;20.174;5.4;
-29.29;21.175;5.837;
-30.043;21.909;4.942;
-29.664;21.59;7.073;
-30.846;22.72;5.609;
-30.636;22.548;6.904;
-24.536;20.11;4.843;
-23.403;19.183;4.752;
-23.22;18.424;6.067;
-23.364;19.005;7.15;
-22.106;19.935;4.437;
-21.836;20.462;3.027;
-20.435;21.054;2.965;
-22.006;19.367;1.977;
-22.897;17.136;5.951;
-22.525;16.295;7.088;
-21.217;16.76;7.736;
-20.173;16.775;7.093;
-22.393;14.839;6.634;
-22.298;13.866;7.8;
-22.258;14.318;8.961;
-22.275;12.639;7.559;
-21.279;17.144;9.008;
-20.087;17.604;9.724;
-19.49;16.564;10.689;
-18.684;16.918;11.551;
-20.37;18.92;10.454;
-19.875;15.293;10.546;
-19.288;14.228;11.37;
-17.866;13.908;10.932;
-17.441;14.245;9.822;
-20.11;12.916;11.392;
-20.262;12.41;10.063;
-21.477;13.132;12.035;
-17.147;13.234;11.821;
-15.702;13.085;11.716;
-15.253;11.624;11.905;
-14.058;11.319;11.845;
-14.998;14.025;12.731;
-15.684;13.98;13.992;
-15.018;15.466;12.228;
-16.216;10.728;12.109;
-15.928;9.3;12.287;
-16.694;8.398;11.309;
-17.547;8.864;10.548;
-16.198;8.862;13.737;
-17.625;9.158;14.189;
-18.053;10.337;14.122;
-18.313;8.207;14.624;
